2026-09-06T17:05:19.693+05:30  INFO 31968 --- [payment-service] [main] c.r.c.payment.PaymentServiceApplication  : Starting PaymentServiceApplication using Java 21.0.4 with PID 31968 (F:\JAVAPROJECT1\backend\payment-service\build\classes\java\main started by Rishav in F:\JAVAPROJECT1\backend\payment-service)
2026-09-06T17:05:19.695+05:30  INFO 31968 --- [payment-service] [main] c.r.c.payment.PaymentServiceApplication  : No active profile set, falling back to 1 default profile: "default"
2026-09-06T17:05:20.328+05:30  INFO 31968 --- [payment-service] [main] .s.d.r.c.RepositoryConfigurationDelegate : Bootstrapping Spring Data JPA repositories in DEFAULT mode.
2026-09-06T17:05:20.366+05:30  INFO 31968 --- [payment-service] [main] .s.d.r.c.RepositoryConfigurationDelegate : Finished Spring Data repository scanning in 32 ms. Found 1 JPA repository interface.
2026-09-06T17:05:20.781+05:30  INFO 31968 --- [payment-service] [main] o.s.b.w.embedded.tomcat.TomcatWebServer  : Tomcat initialized with port 8085 (http)
2026-09-06T17:05:20.794+05:30  INFO 31968 --- [payment-service] [main] o.apache.catalina.core.StandardService   : Starting service [Tomcat]
2026-09-06T17:05:20.795+05:30  INFO 31968 --- [payment-service] [main] o.apache.catalina.core.StandardEngine    : Starting Servlet engine: [Apache Tomcat/10.1.55]
2026-09-06T17:05:20.846+05:30  INFO 31968 --- [payment-service] [main] o.a.c.c.C.[Tomcat].[localhost].[/]       : Initializing Spring embedded WebApplicationContext
2026-09-06T17:05:20.847+05:30  INFO 31968 --- [payment-service] [main] w.s.c.ServletWebServerApplicationContext : Root WebApplicationContext: initialization completed in 1123 ms
2026-09-06T17:05:21.126+05:30  INFO 31968 --- [payment-service] [main] com.zaxxer.hikari.HikariDataSource       : HikariPool-1 - Starting...
2026-09-06T17:05:21.295+05:30  INFO 31968 --- [payment-service] [main] com.zaxxer.hikari.pool.HikariPool        : HikariPool-1 - Added connection org.postgresql.jdbc.PgConnection@2ef041bb
2026-09-06T17:05:21.296+05:30  INFO 31968 --- [payment-service] [main] com.zaxxer.hikari.HikariDataSource       : HikariPool-1 - Start completed.
2026-09-06T17:05:21.318+05:30  INFO 31968 --- [payment-service] [main] org.flywaydb.core.FlywayExecutor         : Database: jdbc:postgresql://127.0.0.1:5433/payment_db (PostgreSQL 17.11)
2026-09-06T17:05:21.440+05:30  INFO 31968 --- [payment-service] [main] o.f.c.i.s.JdbcTableSchemaHistory         : Schema history table "public"."flyway_schema_history" does not exist yet
2026-09-06T17:05:21.456+05:30  INFO 31968 --- [payment-service] [main] o.f.core.internal.command.DbValidate     : Successfully validated 2 migrations (execution time 00:00.047s)
2026-09-06T17:05:22.007+05:30  INFO 31968 --- [payment-service] [main] o.f.c.i.s.JdbcTableSchemaHistory         : Creating Schema History table "public"."flyway_schema_history" ...
2026-09-06T17:05:22.293+05:30  INFO 31968 --- [payment-service] [main] o.f.core.internal.command.DbMigrate      : Current version of schema "public": << Empty Schema >>
2026-09-06T17:05:22.315+05:30  INFO 31968 --- [payment-service] [main] o.f.core.internal.command.DbMigrate      : Migrating schema "public" to version "1 - payments"
2026-09-06T17:05:22.416+05:30  INFO 31968 --- [payment-service] [main] o.f.core.internal.command.DbMigrate      : Migrating schema "public" to version "2 - razorpay checkout"
2026-09-06T17:05:22.461+05:30  INFO 31968 --- [payment-service] [main] o.f.core.internal.command.DbMigrate      : Successfully applied 2 migrations to schema "public", now at version v2 (execution time 00:00.079s)
2026-09-06T17:05:22.539+05:30  INFO 31968 --- [payment-service] [main] o.hibernate.jpa.internal.util.LogHelper  : HHH000204: Processing PersistenceUnitInfo [name: default]
2026-09-06T17:05:22.590+05:30  INFO 31968 --- [payment-service] [main] org.hibernate.Version                    : HHH000412: Hibernate ORM core version 6.6.53.Final
2026-09-06T17:05:22.620+05:30  INFO 31968 --- [payment-service] [main] o.h.c.internal.RegionFactoryInitiator    : HHH000026: Second-level cache disabled
2026-09-06T17:05:22.836+05:30  INFO 31968 --- [payment-service] [main] o.s.o.j.p.SpringPersistenceUnitInfo      : No LoadTimeWeaver setup: ignoring JPA class transformer
2026-09-06T17:05:22.894+05:30  INFO 31968 --- [payment-service] [main] org.hibernate.orm.connections.pooling    : HHH10001005: Database info:
	Database JDBC URL [Connecting through datasource 'HikariDataSource (HikariPool-1)']
	Database driver: undefined/unknown
	Database version: 17.11
	Autocommit mode: undefined/unknown
	Isolation level: undefined/unknown
	Minimum pool size: undefined/unknown
	Maximum pool size: undefined/unknown
2026-09-06T17:05:23.529+05:30  INFO 31968 --- [payment-service] [main] o.h.e.t.j.p.i.JtaPlatformInitiator       : HHH000489: No JTA platform available (set 'hibernate.transaction.jta.platform' to enable JTA platform integration)
2026-09-06T17:05:23.649+05:30  INFO 31968 --- [payment-service] [main] j.LocalContainerEntityManagerFactoryBean : Initialized JPA EntityManagerFactory for persistence unit 'default'
2026-09-06T17:05:23.892+05:30  WARN 31968 --- [payment-service] [main] JpaBaseConfiguration$JpaWebConfiguration : spring.jpa.open-in-view is enabled by default. Therefore, database queries may be performed during view rendering. Explicitly configure spring.jpa.open-in-view to disable this warning
2026-09-06T17:05:24.250+05:30  INFO 31968 --- [payment-service] [main] o.s.b.a.e.web.EndpointLinksResolver      : Exposing 4 endpoints beneath base path '/actuator'
2026-09-06T17:05:24.327+05:30  INFO 31968 --- [payment-service] [main] o.s.b.w.embedded.tomcat.TomcatWebServer  : Tomcat started on port 8085 (http) with context path '/'
2026-09-06T17:05:24.353+05:30  INFO 31968 --- [payment-service] [main] o.a.k.clients.consumer.ConsumerConfig    : ConsumerConfig values: 
	allow.auto.create.topics = true
	auto.commit.interval.ms = 5000
	auto.include.jmx.reporter = true
	auto.offset.reset = latest
	bootstrap.servers = [localhost:9092]
	check.crcs = true
	client.dns.lookup = use_all_dns_ips
	client.id = consumer-payment-service-1
	client.rack = 
	connections.max.idle.ms = 540000
	default.api.timeout.ms = 60000
	enable.auto.commit = false
	enable.metrics.push = true
	exclude.internal.topics = true
	fetch.max.bytes = 52428800
	fetch.max.wait.ms = 500
	fetch.min.bytes = 1
	group.id = payment-service
	group.instance.id = null
	group.protocol = classic
	group.remote.assignor = null
	heartbeat.interval.ms = 3000
	interceptor.classes = []
	internal.leave.group.on.close = true
	internal.throw.on.fetch.stable.offset.unsupported = false
	isolation.level = read_uncommitted
	key.deserializer = class org.apache.kafka.common.serialization.StringDeserializer
	max.partition.fetch.bytes = 1048576
	max.poll.interval.ms = 300000
	max.poll.records = 500
	metadata.max.age.ms = 300000
	metadata.recovery.strategy = none
	metric.reporters = []
	metrics.num.samples = 2
	metrics.recording.level = INFO
	metrics.sample.window.ms = 30000
	partition.assignment.strategy = [class org.apache.kafka.clients.consumer.RangeAssignor, class org.apache.kafka.clients.consumer.CooperativeStickyAssignor]
	receive.buffer.bytes = 65536
	reconnect.backoff.max.ms = 1000
	reconnect.backoff.ms = 50
	request.timeout.ms = 30000
	retry.backoff.max.ms = 1000
	retry.backoff.ms = 100
	sasl.client.callback.handler.class = null
	sasl.jaas.config = null
	sasl.kerberos.kinit.cmd = /usr/bin/kinit
	sasl.kerberos.min.time.before.relogin = 60000
	sasl.kerberos.service.name = null
	sasl.kerberos.ticket.renew.jitter = 0.05
	sasl.kerberos.ticket.renew.window.factor = 0.8
	sasl.login.callback.handler.class = null
	sasl.login.class = null
	sasl.login.connect.timeout.ms = null
	sasl.login.read.timeout.ms = null
	sasl.login.refresh.buffer.seconds = 300
	sasl.login.refresh.min.period.seconds = 60
	sasl.login.refresh.window.factor = 0.8
	sasl.login.refresh.window.jitter = 0.05
	sasl.login.retry.backoff.max.ms = 10000
	sasl.login.retry.backoff.ms = 100
	sasl.mechanism = GSSAPI
	sasl.oauthbearer.clock.skew.seconds = 30
	sasl.oauthbearer.expected.audience = null
	sasl.oauthbearer.expected.issuer = null
	sasl.oauthbearer.header.urlencode = false
	sasl.oauthbearer.jwks.endpoint.refresh.ms = 3600000
	sasl.oauthbearer.jwks.endpoint.retry.backoff.max.ms = 10000
	sasl.oauthbearer.jwks.endpoint.retry.backoff.ms = 100
	sasl.oauthbearer.jwks.endpoint.url = null
	sasl.oauthbearer.scope.claim.name = scope
	sasl.oauthbearer.sub.claim.name = sub
	sasl.oauthbearer.token.endpoint.url = null
	security.protocol = PLAINTEXT
	security.providers = null
	send.buffer.bytes = 131072
	session.timeout.ms = 45000
	socket.connection.setup.timeout.max.ms = 30000
	socket.connection.setup.timeout.ms = 10000
	ssl.cipher.suites = null
	ssl.enabled.protocols = [TLSv1.2, TLSv1.3]
	ssl.endpoint.identification.algorithm = https
	ssl.engine.factory.class = null
	ssl.key.password = null
	ssl.keymanager.algorithm = SunX509
	ssl.keystore.certificate.chain = null
	ssl.keystore.key = null
	ssl.keystore.location = null
	ssl.keystore.password = null
	ssl.keystore.type = JKS
	ssl.protocol = TLSv1.3
	ssl.provider = null
	ssl.secure.random.implementation = null
	ssl.trustmanager.algorithm = PKIX
	ssl.truststore.certificates = null
	ssl.truststore.location = null
	ssl.truststore.password = null
	ssl.truststore.type = JKS
	value.deserializer = class org.springframework.kafka.support.serializer.JsonDeserializer

2026-09-06T17:05:24.389+05:30  INFO 31968 --- [payment-service] [main] o.a.k.c.t.i.KafkaMetricsCollector        : initializing Kafka metrics collector
2026-09-06T17:05:24.515+05:30  INFO 31968 --- [payment-service] [main] o.a.kafka.common.utils.AppInfoParser     : Kafka version: 3.9.2
2026-09-06T17:05:24.516+05:30  INFO 31968 --- [payment-service] [main] o.a.kafka.common.utils.AppInfoParser     : Kafka commitId: 5e9866f43ab8e7e4
2026-09-06T17:05:24.516+05:30  INFO 31968 --- [payment-service] [main] o.a.kafka.common.utils.AppInfoParser     : Kafka startTimeMs: 1788694524514
2026-09-06T17:05:24.527+05:30  INFO 31968 --- [payment-service] [main] o.a.k.c.c.i.ClassicKafkaConsumer         : [Consumer clientId=consumer-payment-service-1, groupId=payment-service] Subscribed to topic(s): inventory.reserved.v1
2026-09-06T17:05:24.543+05:30  INFO 31968 --- [payment-service] [main] c.r.c.payment.PaymentServiceApplication  : Started PaymentServiceApplication in 5.309 seconds (process running for 5.583)
2026-09-06T17:05:24.800+05:30  INFO 31968 --- [payment-service] [org.springframework.kafka.KafkaListenerEndpointContainer#0-0-C-1] org.apache.kafka.clients.Metadata        : [Consumer clientId=consumer-payment-service-1, groupId=payment-service] Cluster ID: 5L6g3nShT-eMCtK--X86sw
2026-09-06T17:05:24.800+05:30  INFO 31968 --- [payment-service] [org.springframework.kafka.KafkaListenerEndpointContainer#0-0-C-1] o.a.k.c.c.internals.ConsumerCoordinator  : [Consumer clientId=consumer-payment-service-1, groupId=payment-service] Discovered group coordinator localhost:9092 (id: 2147483646 rack: null)
2026-09-06T17:05:24.802+05:30  INFO 31968 --- [payment-service] [org.springframework.kafka.KafkaListenerEndpointContainer#0-0-C-1] o.a.k.c.c.internals.ConsumerCoordinator  : [Consumer clientId=consumer-payment-service-1, groupId=payment-service] (Re-)joining group
2026-09-06T17:05:24.841+05:30  INFO 31968 --- [payment-service] [org.springframework.kafka.KafkaListenerEndpointContainer#0-0-C-1] o.a.k.c.c.internals.ConsumerCoordinator  : [Consumer clientId=consumer-payment-service-1, groupId=payment-service] Request joining group due to: need to re-join with the given member-id: consumer-payment-service-1-1c38e60f-f24e-43f3-8f43-f7eb818fcad3
2026-09-06T17:05:24.841+05:30  INFO 31968 --- [payment-service] [org.springframework.kafka.KafkaListenerEndpointContainer#0-0-C-1] o.a.k.c.c.internals.ConsumerCoordinator  : [Consumer clientId=consumer-payment-service-1, groupId=payment-service] (Re-)joining group
2026-09-06T17:05:27.569+05:30  INFO 31968 --- [payment-service] [http-nio-8085-exec-1] o.a.c.c.C.[Tomcat].[localhost].[/]       : Initializing Spring DispatcherServlet 'dispatcherServlet'
2026-09-06T17:05:27.569+05:30  INFO 31968 --- [payment-service] [http-nio-8085-exec-1] o.s.web.servlet.DispatcherServlet        : Initializing Servlet 'dispatcherServlet'
2026-09-06T17:05:27.572+05:30  INFO 31968 --- [payment-service] [http-nio-8085-exec-1] o.s.web.servlet.DispatcherServlet        : Completed initialization in 1 ms
2026-09-06T17:05:28.115+05:30  INFO 31968 --- [payment-service] [org.springframework.kafka.KafkaListenerEndpointContainer#0-0-C-1] o.a.k.c.c.internals.ConsumerCoordinator  : [Consumer clientId=consumer-payment-service-1, groupId=payment-service] Successfully joined group with generation Generation{generationId=1, memberId='consumer-payment-service-1-1c38e60f-f24e-43f3-8f43-f7eb818fcad3', protocol='range'}
2026-09-06T17:05:28.124+05:30  INFO 31968 --- [payment-service] [org.springframework.kafka.KafkaListenerEndpointContainer#0-0-C-1] o.a.k.c.c.internals.ConsumerCoordinator  : [Consumer clientId=consumer-payment-service-1, groupId=payment-service] Finished assignment for group at generation 1: {consumer-payment-service-1-1c38e60f-f24e-43f3-8f43-f7eb818fcad3=Assignment(partitions=[inventory.reserved.v1-0])}
2026-09-06T17:05:28.134+05:30  INFO 31968 --- [payment-service] [org.springframework.kafka.KafkaListenerEndpointContainer#0-0-C-1] o.a.k.c.c.internals.ConsumerCoordinator  : [Consumer clientId=consumer-payment-service-1, groupId=payment-service] Successfully synced group in generation Generation{generationId=1, memberId='consumer-payment-service-1-1c38e60f-f24e-43f3-8f43-f7eb818fcad3', protocol='range'}
2026-09-06T17:05:28.134+05:30  INFO 31968 --- [payment-service] [org.springframework.kafka.KafkaListenerEndpointContainer#0-0-C-1] o.a.k.c.c.internals.ConsumerCoordinator  : [Consumer clientId=consumer-payment-service-1, groupId=payment-service] Notifying assignor about the new Assignment(partitions=[inventory.reserved.v1-0])
2026-09-06T17:05:28.136+05:30  INFO 31968 --- [payment-service] [org.springframework.kafka.KafkaListenerEndpointContainer#0-0-C-1] k.c.c.i.ConsumerRebalanceListenerInvoker : [Consumer clientId=consumer-payment-service-1, groupId=payment-service] Adding newly assigned partitions: inventory.reserved.v1-0
2026-09-06T17:05:28.155+05:30  INFO 31968 --- [payment-service] [org.springframework.kafka.KafkaListenerEndpointContainer#0-0-C-1] o.a.k.c.c.internals.ConsumerCoordinator  : [Consumer clientId=consumer-payment-service-1, groupId=payment-service] Found no committed offset for partition inventory.reserved.v1-0
2026-09-06T17:05:28.165+05:30  INFO 31968 --- [payment-service] [org.springframework.kafka.KafkaListenerEndpointContainer#0-0-C-1] o.a.k.c.c.internals.ConsumerCoordinator  : [Consumer clientId=consumer-payment-service-1, groupId=payment-service] Found no committed offset for partition inventory.reserved.v1-0
2026-09-06T17:05:28.184+05:30  INFO 31968 --- [payment-service] [org.springframework.kafka.KafkaListenerEndpointContainer#0-0-C-1] o.a.k.c.c.internals.SubscriptionState    : [Consumer clientId=consumer-payment-service-1, groupId=payment-service] Resetting offset for partition inventory.reserved.v1-0 to position FetchPosition{offset=3, offsetEpoch=Optional.empty, currentLeader=LeaderAndEpoch{leader=Optional[localhost:9092 (id: 1 rack: null)], epoch=0}}.
2026-09-06T17:05:28.191+05:30  INFO 31968 --- [payment-service] [org.springframework.kafka.KafkaListenerEndpointContainer#0-0-C-1] o.s.k.l.KafkaMessageListenerContainer    : payment-service: partitions assigned: [inventory.reserved.v1-0]
2026-09-06T17:06:27.572+05:30  INFO 13516 --- [payment-service] [main] c.r.c.payment.PaymentServiceApplication  : Starting PaymentServiceApplication using Java 21.0.4 with PID 13516 (F:\JAVAPROJECT1\backend\payment-service\build\classes\java\main started by Rishav in F:\JAVAPROJECT1\backend\payment-service)
2026-09-06T17:06:27.573+05:30  INFO 13516 --- [payment-service] [main] c.r.c.payment.PaymentServiceApplication  : No active profile set, falling back to 1 default profile: "default"
2026-09-06T17:06:28.186+05:30  INFO 13516 --- [payment-service] [main] .s.d.r.c.RepositoryConfigurationDelegate : Bootstrapping Spring Data JPA repositories in DEFAULT mode.
2026-09-06T17:06:28.222+05:30  INFO 13516 --- [payment-service] [main] .s.d.r.c.RepositoryConfigurationDelegate : Finished Spring Data repository scanning in 29 ms. Found 1 JPA repository interface.
2026-09-06T17:06:28.535+05:30  INFO 13516 --- [payment-service] [main] o.s.b.w.embedded.tomcat.TomcatWebServer  : Tomcat initialized with port 8085 (http)
2026-09-06T17:06:28.545+05:30  INFO 13516 --- [payment-service] [main] o.apache.catalina.core.StandardService   : Starting service [Tomcat]
2026-09-06T17:06:28.545+05:30  INFO 13516 --- [payment-service] [main] o.apache.catalina.core.StandardEngine    : Starting Servlet engine: [Apache Tomcat/10.1.55]
2026-09-06T17:06:28.657+05:30  INFO 13516 --- [payment-service] [main] o.a.c.c.C.[Tomcat].[localhost].[/]       : Initializing Spring embedded WebApplicationContext
2026-09-06T17:06:28.657+05:30  INFO 13516 --- [payment-service] [main] w.s.c.ServletWebServerApplicationContext : Root WebApplicationContext: initialization completed in 1053 ms
2026-09-06T17:06:28.939+05:30  INFO 13516 --- [payment-service] [main] com.zaxxer.hikari.HikariDataSource       : HikariPool-1 - Starting...
2026-09-06T17:06:29.053+05:30  INFO 13516 --- [payment-service] [main] com.zaxxer.hikari.pool.HikariPool        : HikariPool-1 - Added connection org.postgresql.jdbc.PgConnection@4b6b5352
2026-09-06T17:06:29.055+05:30  INFO 13516 --- [payment-service] [main] com.zaxxer.hikari.HikariDataSource       : HikariPool-1 - Start completed.
2026-09-06T17:06:29.082+05:30  INFO 13516 --- [payment-service] [main] org.flywaydb.core.FlywayExecutor         : Database: jdbc:postgresql://127.0.0.1:5433/payment_db (PostgreSQL 17.11)
2026-09-06T17:06:29.132+05:30  INFO 13516 --- [payment-service] [main] o.f.core.internal.command.DbValidate     : Successfully validated 2 migrations (execution time 00:00.025s)
2026-09-06T17:06:29.177+05:30  INFO 13516 --- [payment-service] [main] o.f.core.internal.command.DbMigrate      : Current version of schema "public": 2
2026-09-06T17:06:29.179+05:30  INFO 13516 --- [payment-service] [main] o.f.core.internal.command.DbMigrate      : Schema "public" is up to date. No migration necessary.
2026-09-06T17:06:29.245+05:30  INFO 13516 --- [payment-service] [main] o.hibernate.jpa.internal.util.LogHelper  : HHH000204: Processing PersistenceUnitInfo [name: default]
2026-09-06T17:06:29.283+05:30  INFO 13516 --- [payment-service] [main] org.hibernate.Version                    : HHH000412: Hibernate ORM core version 6.6.53.Final
2026-09-06T17:06:29.310+05:30  INFO 13516 --- [payment-service] [main] o.h.c.internal.RegionFactoryInitiator    : HHH000026: Second-level cache disabled
2026-09-06T17:06:29.511+05:30  INFO 13516 --- [payment-service] [main] o.s.o.j.p.SpringPersistenceUnitInfo      : No LoadTimeWeaver setup: ignoring JPA class transformer
2026-09-06T17:06:29.601+05:30  INFO 13516 --- [payment-service] [main] org.hibernate.orm.connections.pooling    : HHH10001005: Database info:
	Database JDBC URL [Connecting through datasource 'HikariDataSource (HikariPool-1)']
	Database driver: undefined/unknown
	Database version: 17.11
	Autocommit mode: undefined/unknown
	Isolation level: undefined/unknown
	Minimum pool size: undefined/unknown
	Maximum pool size: undefined/unknown
2026-09-06T17:06:30.235+05:30  INFO 13516 --- [payment-service] [main] o.h.e.t.j.p.i.JtaPlatformInitiator       : HHH000489: No JTA platform available (set 'hibernate.transaction.jta.platform' to enable JTA platform integration)
2026-09-06T17:06:30.280+05:30  INFO 13516 --- [payment-service] [main] j.LocalContainerEntityManagerFactoryBean : Initialized JPA EntityManagerFactory for persistence unit 'default'
2026-09-06T17:06:30.526+05:30  WARN 13516 --- [payment-service] [main] JpaBaseConfiguration$JpaWebConfiguration : spring.jpa.open-in-view is enabled by default. Therefore, database queries may be performed during view rendering. Explicitly configure spring.jpa.open-in-view to disable this warning
2026-09-06T17:06:30.903+05:30  INFO 13516 --- [payment-service] [main] o.s.b.a.e.web.EndpointLinksResolver      : Exposing 4 endpoints beneath base path '/actuator'
2026-09-06T17:06:30.982+05:30  WARN 13516 --- [payment-service] [main] ConfigServletWebServerApplicationContext : Exception encountered during context initialization - cancelling refresh attempt: org.springframework.context.ApplicationContextException: Failed to start bean 'webServerStartStop'
2026-09-06T17:06:30.984+05:30  INFO 13516 --- [payment-service] [main] j.LocalContainerEntityManagerFactoryBean : Closing JPA EntityManagerFactory for persistence unit 'default'
2026-09-06T17:06:30.987+05:30  INFO 13516 --- [payment-service] [main] com.zaxxer.hikari.HikariDataSource       : HikariPool-1 - Shutdown initiated...
2026-09-06T17:06:30.992+05:30  INFO 13516 --- [payment-service] [main] com.zaxxer.hikari.HikariDataSource       : HikariPool-1 - Shutdown completed.
2026-09-06T17:06:31.012+05:30  INFO 13516 --- [payment-service] [main] .s.b.a.l.ConditionEvaluationReportLogger : 

Error starting ApplicationContext. To display the condition evaluation report re-run your application with 'debug' enabled.
2026-09-06T17:06:31.026+05:30 ERROR 13516 --- [payment-service] [main] o.s.b.d.LoggingFailureAnalysisReporter   : 

***************************
APPLICATION FAILED TO START
***************************

Description:

Web server failed to start. Port 8085 was already in use.

Action:

Identify and stop the process that's listening on port 8085 or configure this application to listen on another port.

2026-09-06T17:07:47.444+05:30  INFO 14792 --- [payment-service] [main] c.r.c.payment.PaymentServiceApplication  : Starting PaymentServiceApplication using Java 21.0.4 with PID 14792 (F:\JAVAPROJECT1\backend\payment-service\build\classes\java\main started by Rishav in F:\JAVAPROJECT1\backend\payment-service)
2026-09-06T17:07:47.446+05:30  INFO 14792 --- [payment-service] [main] c.r.c.payment.PaymentServiceApplication  : No active profile set, falling back to 1 default profile: "default"
2026-09-06T17:07:48.123+05:30  INFO 14792 --- [payment-service] [main] .s.d.r.c.RepositoryConfigurationDelegate : Bootstrapping Spring Data JPA repositories in DEFAULT mode.
2026-09-06T17:07:48.161+05:30  INFO 14792 --- [payment-service] [main] .s.d.r.c.RepositoryConfigurationDelegate : Finished Spring Data repository scanning in 31 ms. Found 1 JPA repository interface.
2026-09-06T17:07:48.480+05:30  INFO 14792 --- [payment-service] [main] o.s.b.w.embedded.tomcat.TomcatWebServer  : Tomcat initialized with port 8085 (http)
2026-09-06T17:07:48.490+05:30  INFO 14792 --- [payment-service] [main] o.apache.catalina.core.StandardService   : Starting service [Tomcat]
2026-09-06T17:07:48.490+05:30  INFO 14792 --- [payment-service] [main] o.apache.catalina.core.StandardEngine    : Starting Servlet engine: [Apache Tomcat/10.1.55]
2026-09-06T17:07:48.529+05:30  INFO 14792 --- [payment-service] [main] o.a.c.c.C.[Tomcat].[localhost].[/]       : Initializing Spring embedded WebApplicationContext
2026-09-06T17:07:48.529+05:30  INFO 14792 --- [payment-service] [main] w.s.c.ServletWebServerApplicationContext : Root WebApplicationContext: initialization completed in 1052 ms
2026-09-06T17:07:48.787+05:30  INFO 14792 --- [payment-service] [main] com.zaxxer.hikari.HikariDataSource       : HikariPool-1 - Starting...
2026-09-06T17:07:48.898+05:30  INFO 14792 --- [payment-service] [main] com.zaxxer.hikari.pool.HikariPool        : HikariPool-1 - Added connection org.postgresql.jdbc.PgConnection@48a46b0f
2026-09-06T17:07:48.900+05:30  INFO 14792 --- [payment-service] [main] com.zaxxer.hikari.HikariDataSource       : HikariPool-1 - Start completed.
2026-09-06T17:07:48.921+05:30  INFO 14792 --- [payment-service] [main] org.flywaydb.core.FlywayExecutor         : Database: jdbc:postgresql://127.0.0.1:5433/payment_db (PostgreSQL 17.11)
2026-09-06T17:07:48.968+05:30  INFO 14792 --- [payment-service] [main] o.f.core.internal.command.DbValidate     : Successfully validated 2 migrations (execution time 00:00.021s)
2026-09-06T17:07:49.029+05:30  INFO 14792 --- [payment-service] [main] o.f.core.internal.command.DbMigrate      : Current version of schema "public": 2
2026-09-06T17:07:49.031+05:30  INFO 14792 --- [payment-service] [main] o.f.core.internal.command.DbMigrate      : Schema "public" is up to date. No migration necessary.
2026-09-06T17:07:49.099+05:30  INFO 14792 --- [payment-service] [main] o.hibernate.jpa.internal.util.LogHelper  : HHH000204: Processing PersistenceUnitInfo [name: default]
2026-09-06T17:07:49.134+05:30  INFO 14792 --- [payment-service] [main] org.hibernate.Version                    : HHH000412: Hibernate ORM core version 6.6.53.Final
2026-09-06T17:07:49.156+05:30  INFO 14792 --- [payment-service] [main] o.h.c.internal.RegionFactoryInitiator    : HHH000026: Second-level cache disabled
2026-09-06T17:07:49.349+05:30  INFO 14792 --- [payment-service] [main] o.s.o.j.p.SpringPersistenceUnitInfo      : No LoadTimeWeaver setup: ignoring JPA class transformer
2026-09-06T17:07:49.412+05:30  INFO 14792 --- [payment-service] [main] org.hibernate.orm.connections.pooling    : HHH10001005: Database info:
	Database JDBC URL [Connecting through datasource 'HikariDataSource (HikariPool-1)']
	Database driver: undefined/unknown
	Database version: 17.11
	Autocommit mode: undefined/unknown
	Isolation level: undefined/unknown
	Minimum pool size: undefined/unknown
	Maximum pool size: undefined/unknown
2026-09-06T17:07:50.063+05:30  INFO 14792 --- [payment-service] [main] o.h.e.t.j.p.i.JtaPlatformInitiator       : HHH000489: No JTA platform available (set 'hibernate.transaction.jta.platform' to enable JTA platform integration)
2026-09-06T17:07:50.100+05:30  INFO 14792 --- [payment-service] [main] j.LocalContainerEntityManagerFactoryBean : Initialized JPA EntityManagerFactory for persistence unit 'default'
2026-09-06T17:07:50.339+05:30  WARN 14792 --- [payment-service] [main] JpaBaseConfiguration$JpaWebConfiguration : spring.jpa.open-in-view is enabled by default. Therefore, database queries may be performed during view rendering. Explicitly configure spring.jpa.open-in-view to disable this warning
2026-09-06T17:07:50.658+05:30  INFO 14792 --- [payment-service] [main] o.s.b.a.e.web.EndpointLinksResolver      : Exposing 4 endpoints beneath base path '/actuator'
2026-09-06T17:07:50.730+05:30  INFO 14792 --- [payment-service] [main] o.s.b.w.embedded.tomcat.TomcatWebServer  : Tomcat started on port 8085 (http) with context path '/'
2026-09-06T17:07:50.757+05:30  INFO 14792 --- [payment-service] [main] o.a.k.clients.consumer.ConsumerConfig    : ConsumerConfig values: 
	allow.auto.create.topics = true
	auto.commit.interval.ms = 5000
	auto.include.jmx.reporter = true
	auto.offset.reset = latest
	bootstrap.servers = [localhost:9092]
	check.crcs = true
	client.dns.lookup = use_all_dns_ips
	client.id = consumer-payment-service-1
	client.rack = 
	connections.max.idle.ms = 540000
	default.api.timeout.ms = 60000
	enable.auto.commit = false
	enable.metrics.push = true
	exclude.internal.topics = true
	fetch.max.bytes = 52428800
	fetch.max.wait.ms = 500
	fetch.min.bytes = 1
	group.id = payment-service
	group.instance.id = null
	group.protocol = classic
	group.remote.assignor = null
	heartbeat.interval.ms = 3000
	interceptor.classes = []
	internal.leave.group.on.close = true
	internal.throw.on.fetch.stable.offset.unsupported = false
	isolation.level = read_uncommitted
	key.deserializer = class org.apache.kafka.common.serialization.StringDeserializer
	max.partition.fetch.bytes = 1048576
	max.poll.interval.ms = 300000
	max.poll.records = 500
	metadata.max.age.ms = 300000
	metadata.recovery.strategy = none
	metric.reporters = []
	metrics.num.samples = 2
	metrics.recording.level = INFO
	metrics.sample.window.ms = 30000
	partition.assignment.strategy = [class org.apache.kafka.clients.consumer.RangeAssignor, class org.apache.kafka.clients.consumer.CooperativeStickyAssignor]
	receive.buffer.bytes = 65536
	reconnect.backoff.max.ms = 1000
	reconnect.backoff.ms = 50
	request.timeout.ms = 30000
	retry.backoff.max.ms = 1000
	retry.backoff.ms = 100
	sasl.client.callback.handler.class = null
	sasl.jaas.config = null
	sasl.kerberos.kinit.cmd = /usr/bin/kinit
	sasl.kerberos.min.time.before.relogin = 60000
	sasl.kerberos.service.name = null
	sasl.kerberos.ticket.renew.jitter = 0.05
	sasl.kerberos.ticket.renew.window.factor = 0.8
	sasl.login.callback.handler.class = null
	sasl.login.class = null
	sasl.login.connect.timeout.ms = null
	sasl.login.read.timeout.ms = null
	sasl.login.refresh.buffer.seconds = 300
	sasl.login.refresh.min.period.seconds = 60
	sasl.login.refresh.window.factor = 0.8
	sasl.login.refresh.window.jitter = 0.05
	sasl.login.retry.backoff.max.ms = 10000
	sasl.login.retry.backoff.ms = 100
	sasl.mechanism = GSSAPI
	sasl.oauthbearer.clock.skew.seconds = 30
	sasl.oauthbearer.expected.audience = null
	sasl.oauthbearer.expected.issuer = null
	sasl.oauthbearer.header.urlencode = false
	sasl.oauthbearer.jwks.endpoint.refresh.ms = 3600000
	sasl.oauthbearer.jwks.endpoint.retry.backoff.max.ms = 10000
	sasl.oauthbearer.jwks.endpoint.retry.backoff.ms = 100
	sasl.oauthbearer.jwks.endpoint.url = null
	sasl.oauthbearer.scope.claim.name = scope
	sasl.oauthbearer.sub.claim.name = sub
	sasl.oauthbearer.token.endpoint.url = null
	security.protocol = PLAINTEXT
	security.providers = null
	send.buffer.bytes = 131072
	session.timeout.ms = 45000
	socket.connection.setup.timeout.max.ms = 30000
	socket.connection.setup.timeout.ms = 10000
	ssl.cipher.suites = null
	ssl.enabled.protocols = [TLSv1.2, TLSv1.3]
	ssl.endpoint.identification.algorithm = https
	ssl.engine.factory.class = null
	ssl.key.password = null
	ssl.keymanager.algorithm = SunX509
	ssl.keystore.certificate.chain = null
	ssl.keystore.key = null
	ssl.keystore.location = null
	ssl.keystore.password = null
	ssl.keystore.type = JKS
	ssl.protocol = TLSv1.3
	ssl.provider = null
	ssl.secure.random.implementation = null
	ssl.trustmanager.algorithm = PKIX
	ssl.truststore.certificates = null
	ssl.truststore.location = null
	ssl.truststore.password = null
	ssl.truststore.type = JKS
	value.deserializer = class org.springframework.kafka.support.serializer.JsonDeserializer

2026-09-06T17:07:50.794+05:30  INFO 14792 --- [payment-service] [main] o.a.k.c.t.i.KafkaMetricsCollector        : initializing Kafka metrics collector
2026-09-06T17:07:50.915+05:30  INFO 14792 --- [payment-service] [main] o.a.kafka.common.utils.AppInfoParser     : Kafka version: 3.9.2
2026-09-06T17:07:50.915+05:30  INFO 14792 --- [payment-service] [main] o.a.kafka.common.utils.AppInfoParser     : Kafka commitId: 5e9866f43ab8e7e4
2026-09-06T17:07:50.915+05:30  INFO 14792 --- [payment-service] [main] o.a.kafka.common.utils.AppInfoParser     : Kafka startTimeMs: 1788694670914
2026-09-06T17:07:50.927+05:30  INFO 14792 --- [payment-service] [main] o.a.k.c.c.i.ClassicKafkaConsumer         : [Consumer clientId=consumer-payment-service-1, groupId=payment-service] Subscribed to topic(s): inventory.reserved.v1
2026-09-06T17:07:50.943+05:30  INFO 14792 --- [payment-service] [main] c.r.c.payment.PaymentServiceApplication  : Started PaymentServiceApplication in 3.922 seconds (process running for 4.174)
2026-09-06T17:07:51.212+05:30  INFO 14792 --- [payment-service] [org.springframework.kafka.KafkaListenerEndpointContainer#0-0-C-1] org.apache.kafka.clients.Metadata        : [Consumer clientId=consumer-payment-service-1, groupId=payment-service] Cluster ID: 5L6g3nShT-eMCtK--X86sw
2026-09-06T17:07:51.213+05:30  INFO 14792 --- [payment-service] [org.springframework.kafka.KafkaListenerEndpointContainer#0-0-C-1] o.a.k.c.c.internals.ConsumerCoordinator  : [Consumer clientId=consumer-payment-service-1, groupId=payment-service] Discovered group coordinator localhost:9092 (id: 2147483646 rack: null)
2026-09-06T17:07:51.214+05:30  INFO 14792 --- [payment-service] [org.springframework.kafka.KafkaListenerEndpointContainer#0-0-C-1] o.a.k.c.c.internals.ConsumerCoordinator  : [Consumer clientId=consumer-payment-service-1, groupId=payment-service] (Re-)joining group
2026-09-06T17:07:51.228+05:30  INFO 14792 --- [payment-service] [org.springframework.kafka.KafkaListenerEndpointContainer#0-0-C-1] o.a.k.c.c.internals.ConsumerCoordinator  : [Consumer clientId=consumer-payment-service-1, groupId=payment-service] Request joining group due to: need to re-join with the given member-id: consumer-payment-service-1-0e06e4f3-9c52-457b-8309-0c779fe942ed
2026-09-06T17:07:51.228+05:30  INFO 14792 --- [payment-service] [org.springframework.kafka.KafkaListenerEndpointContainer#0-0-C-1] o.a.k.c.c.internals.ConsumerCoordinator  : [Consumer clientId=consumer-payment-service-1, groupId=payment-service] (Re-)joining group
2026-09-06T17:07:52.553+05:30  INFO 14792 --- [payment-service] [http-nio-8085-exec-1] o.a.c.c.C.[Tomcat].[localhost].[/]       : Initializing Spring DispatcherServlet 'dispatcherServlet'
2026-09-06T17:07:52.555+05:30  INFO 14792 --- [payment-service] [http-nio-8085-exec-1] o.s.web.servlet.DispatcherServlet        : Initializing Servlet 'dispatcherServlet'
2026-09-06T17:07:52.556+05:30  INFO 14792 --- [payment-service] [http-nio-8085-exec-1] o.s.web.servlet.DispatcherServlet        : Completed initialization in 1 ms
2026-09-06T17:08:16.745+05:30  INFO 14792 --- [payment-service] [org.springframework.kafka.KafkaListenerEndpointContainer#0-0-C-1] o.a.k.c.c.internals.ConsumerCoordinator  : [Consumer clientId=consumer-payment-service-1, groupId=payment-service] Successfully joined group with generation Generation{generationId=2, memberId='consumer-payment-service-1-0e06e4f3-9c52-457b-8309-0c779fe942ed', protocol='range'}
2026-09-06T17:08:16.759+05:30  INFO 14792 --- [payment-service] [org.springframework.kafka.KafkaListenerEndpointContainer#0-0-C-1] o.a.k.c.c.internals.ConsumerCoordinator  : [Consumer clientId=consumer-payment-service-1, groupId=payment-service] Finished assignment for group at generation 2: {consumer-payment-service-1-0e06e4f3-9c52-457b-8309-0c779fe942ed=Assignment(partitions=[inventory.reserved.v1-0])}
2026-09-06T17:08:16.776+05:30  INFO 14792 --- [payment-service] [org.springframework.kafka.KafkaListenerEndpointContainer#0-0-C-1] o.a.k.c.c.internals.ConsumerCoordinator  : [Consumer clientId=consumer-payment-service-1, groupId=payment-service] Successfully synced group in generation Generation{generationId=2, memberId='consumer-payment-service-1-0e06e4f3-9c52-457b-8309-0c779fe942ed', protocol='range'}
2026-09-06T17:08:16.777+05:30  INFO 14792 --- [payment-service] [org.springframework.kafka.KafkaListenerEndpointContainer#0-0-C-1] o.a.k.c.c.internals.ConsumerCoordinator  : [Consumer clientId=consumer-payment-service-1, groupId=payment-service] Notifying assignor about the new Assignment(partitions=[inventory.reserved.v1-0])
2026-09-06T17:08:16.783+05:30  INFO 14792 --- [payment-service] [org.springframework.kafka.KafkaListenerEndpointContainer#0-0-C-1] k.c.c.i.ConsumerRebalanceListenerInvoker : [Consumer clientId=consumer-payment-service-1, groupId=payment-service] Adding newly assigned partitions: inventory.reserved.v1-0
2026-09-06T17:08:16.824+05:30  INFO 14792 --- [payment-service] [org.springframework.kafka.KafkaListenerEndpointContainer#0-0-C-1] o.a.k.c.c.internals.ConsumerUtils        : Setting offset for partition inventory.reserved.v1-0 to the committed offset FetchPosition{offset=3, offsetEpoch=Optional.empty, currentLeader=LeaderAndEpoch{leader=Optional[localhost:9092 (id: 1 rack: null)], epoch=0}}
2026-09-06T17:08:16.828+05:30  INFO 14792 --- [payment-service] [org.springframework.kafka.KafkaListenerEndpointContainer#0-0-C-1] o.s.k.l.KafkaMessageListenerContainer    : payment-service: partitions assigned: [inventory.reserved.v1-0]
2026-09-06T17:10:25.038+05:30  INFO 14792 --- [payment-service] [org.springframework.kafka.KafkaListenerEndpointContainer#0-0-C-1] o.a.k.clients.producer.ProducerConfig    : ProducerConfig values: 
	acks = -1
	auto.include.jmx.reporter = true
	batch.size = 16384
	bootstrap.servers = [localhost:9092]
	buffer.memory = 33554432
	client.dns.lookup = use_all_dns_ips
	client.id = payment-service-producer-1
	compression.gzip.level = -1
	compression.lz4.level = 9
	compression.type = none
	compression.zstd.level = 3
	connections.max.idle.ms = 540000
	delivery.timeout.ms = 120000
	enable.idempotence = true
	enable.metrics.push = true
	interceptor.classes = []
	key.serializer = class org.apache.kafka.common.serialization.StringSerializer
	linger.ms = 0
	max.block.ms = 60000
	max.in.flight.requests.per.connection = 5
	max.request.size = 1048576
	metadata.max.age.ms = 300000
	metadata.max.idle.ms = 300000
	metadata.recovery.strategy = none
	metric.reporters = []
	metrics.num.samples = 2
	metrics.recording.level = INFO
	metrics.sample.window.ms = 30000
	partitioner.adaptive.partitioning.enable = true
	partitioner.availability.timeout.ms = 0
	partitioner.class = null
	partitioner.ignore.keys = false
	receive.buffer.bytes = 32768
	reconnect.backoff.max.ms = 1000
	reconnect.backoff.ms = 50
	request.timeout.ms = 30000
	retries = 2147483647
	retry.backoff.max.ms = 1000
	retry.backoff.ms = 100
	sasl.client.callback.handler.class = null
	sasl.jaas.config = null
	sasl.kerberos.kinit.cmd = /usr/bin/kinit
	sasl.kerberos.min.time.before.relogin = 60000
	sasl.kerberos.service.name = null
	sasl.kerberos.ticket.renew.jitter = 0.05
	sasl.kerberos.ticket.renew.window.factor = 0.8
	sasl.login.callback.handler.class = null
	sasl.login.class = null
	sasl.login.connect.timeout.ms = null
	sasl.login.read.timeout.ms = null
	sasl.login.refresh.buffer.seconds = 300
	sasl.login.refresh.min.period.seconds = 60
	sasl.login.refresh.window.factor = 0.8
	sasl.login.refresh.window.jitter = 0.05
	sasl.login.retry.backoff.max.ms = 10000
	sasl.login.retry.backoff.ms = 100
	sasl.mechanism = GSSAPI
	sasl.oauthbearer.clock.skew.seconds = 30
	sasl.oauthbearer.expected.audience = null
	sasl.oauthbearer.expected.issuer = null
	sasl.oauthbearer.header.urlencode = false
	sasl.oauthbearer.jwks.endpoint.refresh.ms = 3600000
	sasl.oauthbearer.jwks.endpoint.retry.backoff.max.ms = 10000
	sasl.oauthbearer.jwks.endpoint.retry.backoff.ms = 100
	sasl.oauthbearer.jwks.endpoint.url = null
	sasl.oauthbearer.scope.claim.name = scope
	sasl.oauthbearer.sub.claim.name = sub
	sasl.oauthbearer.token.endpoint.url = null
	security.protocol = PLAINTEXT
	security.providers = null
	send.buffer.bytes = 131072
	socket.connection.setup.timeout.max.ms = 30000
	socket.connection.setup.timeout.ms = 10000
	ssl.cipher.suites = null
	ssl.enabled.protocols = [TLSv1.2, TLSv1.3]
	ssl.endpoint.identification.algorithm = https
	ssl.engine.factory.class = null
	ssl.key.password = null
	ssl.keymanager.algorithm = SunX509
	ssl.keystore.certificate.chain = null
	ssl.keystore.key = null
	ssl.keystore.location = null
	ssl.keystore.password = null
	ssl.keystore.type = JKS
	ssl.protocol = TLSv1.3
	ssl.provider = null
	ssl.secure.random.implementation = null
	ssl.trustmanager.algorithm = PKIX
	ssl.truststore.certificates = null
	ssl.truststore.location = null
	ssl.truststore.password = null
	ssl.truststore.type = JKS
	transaction.timeout.ms = 60000
	transactional.id = null
	value.serializer = class org.springframework.kafka.support.serializer.JsonSerializer

2026-09-06T17:10:25.055+05:30  INFO 14792 --- [payment-service] [org.springframework.kafka.KafkaListenerEndpointContainer#0-0-C-1] o.a.k.c.t.i.KafkaMetricsCollector        : initializing Kafka metrics collector
2026-09-06T17:10:25.096+05:30  INFO 14792 --- [payment-service] [org.springframework.kafka.KafkaListenerEndpointContainer#0-0-C-1] o.a.k.clients.producer.KafkaProducer     : [Producer clientId=payment-service-producer-1] Instantiated an idempotent producer.
2026-09-06T17:10:25.134+05:30  INFO 14792 --- [payment-service] [org.springframework.kafka.KafkaListenerEndpointContainer#0-0-C-1] o.a.kafka.common.utils.AppInfoParser     : Kafka version: 3.9.2
2026-09-06T17:10:25.137+05:30  INFO 14792 --- [payment-service] [org.springframework.kafka.KafkaListenerEndpointContainer#0-0-C-1] o.a.kafka.common.utils.AppInfoParser     : Kafka commitId: 5e9866f43ab8e7e4
2026-09-06T17:10:25.138+05:30  INFO 14792 --- [payment-service] [org.springframework.kafka.KafkaListenerEndpointContainer#0-0-C-1] o.a.kafka.common.utils.AppInfoParser     : Kafka startTimeMs: 1788694825134
2026-09-06T17:10:25.166+05:30  INFO 14792 --- [payment-service] [kafka-producer-network-thread | payment-service-producer-1] org.apache.kafka.clients.Metadata        : [Producer clientId=payment-service-producer-1] Cluster ID: 5L6g3nShT-eMCtK--X86sw
2026-09-06T17:10:25.167+05:30  INFO 14792 --- [payment-service] [kafka-producer-network-thread | payment-service-producer-1] o.a.k.c.p.internals.TransactionManager   : [Producer clientId=payment-service-producer-1] ProducerId set to 7 with epoch 0
2026-09-06T17:10:25.197+05:30  INFO 14792 --- [payment-service] [org.springframework.kafka.KafkaListenerEndpointContainer#0-0-C-1] c.r.c.p.messaging.PaymentProcessor       : payment.sandbox_completed orderId=f888a097-3425-447b-8e89-5d3d87fef8b0 paymentId=pending
2026-09-06T17:12:17.229+05:30  INFO 31520 --- [payment-service] [main] c.r.c.payment.PaymentServiceApplication  : Starting PaymentServiceApplication using Java 21.0.4 with PID 31520 (F:\JAVAPROJECT1\backend\payment-service\build\classes\java\main started by Rishav in F:\JAVAPROJECT1\backend\payment-service)
2026-09-06T17:12:17.230+05:30  INFO 31520 --- [payment-service] [main] c.r.c.payment.PaymentServiceApplication  : No active profile set, falling back to 1 default profile: "default"
2026-09-06T17:12:17.954+05:30  INFO 31520 --- [payment-service] [main] .s.d.r.c.RepositoryConfigurationDelegate : Bootstrapping Spring Data JPA repositories in DEFAULT mode.
2026-09-06T17:12:18.008+05:30  INFO 31520 --- [payment-service] [main] .s.d.r.c.RepositoryConfigurationDelegate : Finished Spring Data repository scanning in 46 ms. Found 1 JPA repository interface.
2026-09-06T17:12:18.475+05:30  INFO 31520 --- [payment-service] [main] o.s.b.w.embedded.tomcat.TomcatWebServer  : Tomcat initialized with port 8085 (http)
2026-09-06T17:12:18.487+05:30  INFO 31520 --- [payment-service] [main] o.apache.catalina.core.StandardService   : Starting service [Tomcat]
2026-09-06T17:12:18.488+05:30  INFO 31520 --- [payment-service] [main] o.apache.catalina.core.StandardEngine    : Starting Servlet engine: [Apache Tomcat/10.1.55]
2026-09-06T17:12:18.556+05:30  INFO 31520 --- [payment-service] [main] o.a.c.c.C.[Tomcat].[localhost].[/]       : Initializing Spring embedded WebApplicationContext
2026-09-06T17:12:18.557+05:30  INFO 31520 --- [payment-service] [main] w.s.c.ServletWebServerApplicationContext : Root WebApplicationContext: initialization completed in 1294 ms
2026-09-06T17:12:18.885+05:30  INFO 31520 --- [payment-service] [main] com.zaxxer.hikari.HikariDataSource       : HikariPool-1 - Starting...
2026-09-06T17:12:19.012+05:30  INFO 31520 --- [payment-service] [main] com.zaxxer.hikari.pool.HikariPool        : HikariPool-1 - Added connection org.postgresql.jdbc.PgConnection@21c75084
2026-09-06T17:12:19.014+05:30  INFO 31520 --- [payment-service] [main] com.zaxxer.hikari.HikariDataSource       : HikariPool-1 - Start completed.
2026-09-06T17:12:19.041+05:30  INFO 31520 --- [payment-service] [main] org.flywaydb.core.FlywayExecutor         : Database: jdbc:postgresql://127.0.0.1:5433/payment_db (PostgreSQL 17.11)
2026-09-06T17:12:19.101+05:30  INFO 31520 --- [payment-service] [main] o.f.core.internal.command.DbValidate     : Successfully validated 2 migrations (execution time 00:00.024s)
2026-09-06T17:12:19.154+05:30  INFO 31520 --- [payment-service] [main] o.f.core.internal.command.DbMigrate      : Current version of schema "public": 2
2026-09-06T17:12:19.158+05:30  INFO 31520 --- [payment-service] [main] o.f.core.internal.command.DbMigrate      : Schema "public" is up to date. No migration necessary.
2026-09-06T17:12:19.229+05:30  INFO 31520 --- [payment-service] [main] o.hibernate.jpa.internal.util.LogHelper  : HHH000204: Processing PersistenceUnitInfo [name: default]
2026-09-06T17:12:19.279+05:30  INFO 31520 --- [payment-service] [main] org.hibernate.Version                    : HHH000412: Hibernate ORM core version 6.6.53.Final
2026-09-06T17:12:19.305+05:30  INFO 31520 --- [payment-service] [main] o.h.c.internal.RegionFactoryInitiator    : HHH000026: Second-level cache disabled
2026-09-06T17:12:19.576+05:30  INFO 31520 --- [payment-service] [main] o.s.o.j.p.SpringPersistenceUnitInfo      : No LoadTimeWeaver setup: ignoring JPA class transformer
2026-09-06T17:12:19.722+05:30  INFO 31520 --- [payment-service] [main] org.hibernate.orm.connections.pooling    : HHH10001005: Database info:
	Database JDBC URL [Connecting through datasource 'HikariDataSource (HikariPool-1)']
	Database driver: undefined/unknown
	Database version: 17.11
	Autocommit mode: undefined/unknown
	Isolation level: undefined/unknown
	Minimum pool size: undefined/unknown
	Maximum pool size: undefined/unknown
2026-09-06T17:12:21.398+05:30  INFO 31520 --- [payment-service] [main] o.h.e.t.j.p.i.JtaPlatformInitiator       : HHH000489: No JTA platform available (set 'hibernate.transaction.jta.platform' to enable JTA platform integration)
2026-09-06T17:12:21.470+05:30  INFO 31520 --- [payment-service] [main] j.LocalContainerEntityManagerFactoryBean : Initialized JPA EntityManagerFactory for persistence unit 'default'
2026-09-06T17:12:22.111+05:30  WARN 31520 --- [payment-service] [main] JpaBaseConfiguration$JpaWebConfiguration : spring.jpa.open-in-view is enabled by default. Therefore, database queries may be performed during view rendering. Explicitly configure spring.jpa.open-in-view to disable this warning
2026-09-06T17:12:23.059+05:30  INFO 31520 --- [payment-service] [main] o.s.b.a.e.web.EndpointLinksResolver      : Exposing 4 endpoints beneath base path '/actuator'
2026-09-06T17:12:23.172+05:30  INFO 31520 --- [payment-service] [main] o.s.b.w.embedded.tomcat.TomcatWebServer  : Tomcat started on port 8085 (http) with context path '/'
2026-09-06T17:12:23.203+05:30  INFO 31520 --- [payment-service] [main] o.a.k.clients.consumer.ConsumerConfig    : ConsumerConfig values: 
	allow.auto.create.topics = true
	auto.commit.interval.ms = 5000
	auto.include.jmx.reporter = true
	auto.offset.reset = latest
	bootstrap.servers = [localhost:9092]
	check.crcs = true
	client.dns.lookup = use_all_dns_ips
	client.id = consumer-payment-service-1
	client.rack = 
	connections.max.idle.ms = 540000
	default.api.timeout.ms = 60000
	enable.auto.commit = false
	enable.metrics.push = true
	exclude.internal.topics = true
	fetch.max.bytes = 52428800
	fetch.max.wait.ms = 500
	fetch.min.bytes = 1
	group.id = payment-service
	group.instance.id = null
	group.protocol = classic
	group.remote.assignor = null
	heartbeat.interval.ms = 3000
	interceptor.classes = []
	internal.leave.group.on.close = true
	internal.throw.on.fetch.stable.offset.unsupported = false
	isolation.level = read_uncommitted
	key.deserializer = class org.apache.kafka.common.serialization.StringDeserializer
	max.partition.fetch.bytes = 1048576
	max.poll.interval.ms = 300000
	max.poll.records = 500
	metadata.max.age.ms = 300000
	metadata.recovery.strategy = none
	metric.reporters = []
	metrics.num.samples = 2
	metrics.recording.level = INFO
	metrics.sample.window.ms = 30000
	partition.assignment.strategy = [class org.apache.kafka.clients.consumer.RangeAssignor, class org.apache.kafka.clients.consumer.CooperativeStickyAssignor]
	receive.buffer.bytes = 65536
	reconnect.backoff.max.ms = 1000
	reconnect.backoff.ms = 50
	request.timeout.ms = 30000
	retry.backoff.max.ms = 1000
	retry.backoff.ms = 100
	sasl.client.callback.handler.class = null
	sasl.jaas.config = null
	sasl.kerberos.kinit.cmd = /usr/bin/kinit
	sasl.kerberos.min.time.before.relogin = 60000
	sasl.kerberos.service.name = null
	sasl.kerberos.ticket.renew.jitter = 0.05
	sasl.kerberos.ticket.renew.window.factor = 0.8
	sasl.login.callback.handler.class = null
	sasl.login.class = null
	sasl.login.connect.timeout.ms = null
	sasl.login.read.timeout.ms = null
	sasl.login.refresh.buffer.seconds = 300
	sasl.login.refresh.min.period.seconds = 60
	sasl.login.refresh.window.factor = 0.8
	sasl.login.refresh.window.jitter = 0.05
	sasl.login.retry.backoff.max.ms = 10000
	sasl.login.retry.backoff.ms = 100
	sasl.mechanism = GSSAPI
	sasl.oauthbearer.clock.skew.seconds = 30
	sasl.oauthbearer.expected.audience = null
	sasl.oauthbearer.expected.issuer = null
	sasl.oauthbearer.header.urlencode = false
	sasl.oauthbearer.jwks.endpoint.refresh.ms = 3600000
	sasl.oauthbearer.jwks.endpoint.retry.backoff.max.ms = 10000
	sasl.oauthbearer.jwks.endpoint.retry.backoff.ms = 100
	sasl.oauthbearer.jwks.endpoint.url = null
	sasl.oauthbearer.scope.claim.name = scope
	sasl.oauthbearer.sub.claim.name = sub
	sasl.oauthbearer.token.endpoint.url = null
	security.protocol = PLAINTEXT
	security.providers = null
	send.buffer.bytes = 131072
	session.timeout.ms = 45000
	socket.connection.setup.timeout.max.ms = 30000
	socket.connection.setup.timeout.ms = 10000
	ssl.cipher.suites = null
	ssl.enabled.protocols = [TLSv1.2, TLSv1.3]
	ssl.endpoint.identification.algorithm = https
	ssl.engine.factory.class = null
	ssl.key.password = null
	ssl.keymanager.algorithm = SunX509
	ssl.keystore.certificate.chain = null
	ssl.keystore.key = null
	ssl.keystore.location = null
	ssl.keystore.password = null
	ssl.keystore.type = JKS
	ssl.protocol = TLSv1.3
	ssl.provider = null
	ssl.secure.random.implementation = null
	ssl.trustmanager.algorithm = PKIX
	ssl.truststore.certificates = null
	ssl.truststore.location = null
	ssl.truststore.password = null
	ssl.truststore.type = JKS
	value.deserializer = class org.springframework.kafka.support.serializer.JsonDeserializer

2026-09-06T17:12:23.242+05:30  INFO 31520 --- [payment-service] [main] o.a.k.c.t.i.KafkaMetricsCollector        : initializing Kafka metrics collector
2026-09-06T17:12:23.378+05:30  INFO 31520 --- [payment-service] [main] o.a.kafka.common.utils.AppInfoParser     : Kafka version: 3.9.2
2026-09-06T17:12:23.378+05:30  INFO 31520 --- [payment-service] [main] o.a.kafka.common.utils.AppInfoParser     : Kafka commitId: 5e9866f43ab8e7e4
2026-09-06T17:12:23.379+05:30  INFO 31520 --- [payment-service] [main] o.a.kafka.common.utils.AppInfoParser     : Kafka startTimeMs: 1788694943376
2026-09-06T17:12:23.389+05:30  INFO 31520 --- [payment-service] [main] o.a.k.c.c.i.ClassicKafkaConsumer         : [Consumer clientId=consumer-payment-service-1, groupId=payment-service] Subscribed to topic(s): inventory.reserved.v1
2026-09-06T17:12:23.408+05:30  INFO 31520 --- [payment-service] [main] c.r.c.payment.PaymentServiceApplication  : Started PaymentServiceApplication in 6.618 seconds (process running for 6.896)
2026-09-06T17:12:23.702+05:30  INFO 31520 --- [payment-service] [org.springframework.kafka.KafkaListenerEndpointContainer#0-0-C-1] org.apache.kafka.clients.Metadata        : [Consumer clientId=consumer-payment-service-1, groupId=payment-service] Cluster ID: 5L6g3nShT-eMCtK--X86sw
2026-09-06T17:12:23.702+05:30  INFO 31520 --- [payment-service] [org.springframework.kafka.KafkaListenerEndpointContainer#0-0-C-1] o.a.k.c.c.internals.ConsumerCoordinator  : [Consumer clientId=consumer-payment-service-1, groupId=payment-service] Discovered group coordinator localhost:9092 (id: 2147483646 rack: null)
2026-09-06T17:12:23.707+05:30  INFO 31520 --- [payment-service] [org.springframework.kafka.KafkaListenerEndpointContainer#0-0-C-1] o.a.k.c.c.internals.ConsumerCoordinator  : [Consumer clientId=consumer-payment-service-1, groupId=payment-service] (Re-)joining group
2026-09-06T17:12:23.720+05:30  INFO 31520 --- [payment-service] [org.springframework.kafka.KafkaListenerEndpointContainer#0-0-C-1] o.a.k.c.c.internals.ConsumerCoordinator  : [Consumer clientId=consumer-payment-service-1, groupId=payment-service] Request joining group due to: need to re-join with the given member-id: consumer-payment-service-1-211326f9-2f21-4710-8d58-68f5bfbf9c26
2026-09-06T17:12:23.720+05:30  INFO 31520 --- [payment-service] [org.springframework.kafka.KafkaListenerEndpointContainer#0-0-C-1] o.a.k.c.c.internals.ConsumerCoordinator  : [Consumer clientId=consumer-payment-service-1, groupId=payment-service] (Re-)joining group
2026-09-06T17:12:26.127+05:30  INFO 31520 --- [payment-service] [http-nio-8085-exec-6] o.a.c.c.C.[Tomcat].[localhost].[/]       : Initializing Spring DispatcherServlet 'dispatcherServlet'
2026-09-06T17:12:26.128+05:30  INFO 31520 --- [payment-service] [http-nio-8085-exec-6] o.s.web.servlet.DispatcherServlet        : Initializing Servlet 'dispatcherServlet'
2026-09-06T17:12:26.128+05:30  INFO 31520 --- [payment-service] [http-nio-8085-exec-6] o.s.web.servlet.DispatcherServlet        : Completed initialization in 0 ms
2026-09-06T17:12:56.729+05:30  INFO 31520 --- [payment-service] [org.springframework.kafka.KafkaListenerEndpointContainer#0-0-C-1] o.a.k.c.c.internals.ConsumerCoordinator  : [Consumer clientId=consumer-payment-service-1, groupId=payment-service] Successfully joined group with generation Generation{generationId=3, memberId='consumer-payment-service-1-211326f9-2f21-4710-8d58-68f5bfbf9c26', protocol='range'}
2026-09-06T17:12:56.739+05:30  INFO 31520 --- [payment-service] [org.springframework.kafka.KafkaListenerEndpointContainer#0-0-C-1] o.a.k.c.c.internals.ConsumerCoordinator  : [Consumer clientId=consumer-payment-service-1, groupId=payment-service] Finished assignment for group at generation 3: {consumer-payment-service-1-211326f9-2f21-4710-8d58-68f5bfbf9c26=Assignment(partitions=[inventory.reserved.v1-0])}
2026-09-06T17:12:56.749+05:30  INFO 31520 --- [payment-service] [org.springframework.kafka.KafkaListenerEndpointContainer#0-0-C-1] o.a.k.c.c.internals.ConsumerCoordinator  : [Consumer clientId=consumer-payment-service-1, groupId=payment-service] Successfully synced group in generation Generation{generationId=3, memberId='consumer-payment-service-1-211326f9-2f21-4710-8d58-68f5bfbf9c26', protocol='range'}
2026-09-06T17:12:56.749+05:30  INFO 31520 --- [payment-service] [org.springframework.kafka.KafkaListenerEndpointContainer#0-0-C-1] o.a.k.c.c.internals.ConsumerCoordinator  : [Consumer clientId=consumer-payment-service-1, groupId=payment-service] Notifying assignor about the new Assignment(partitions=[inventory.reserved.v1-0])
2026-09-06T17:12:56.752+05:30  INFO 31520 --- [payment-service] [org.springframework.kafka.KafkaListenerEndpointContainer#0-0-C-1] k.c.c.i.ConsumerRebalanceListenerInvoker : [Consumer clientId=consumer-payment-service-1, groupId=payment-service] Adding newly assigned partitions: inventory.reserved.v1-0
2026-09-06T17:12:56.765+05:30  INFO 31520 --- [payment-service] [org.springframework.kafka.KafkaListenerEndpointContainer#0-0-C-1] o.a.k.c.c.internals.ConsumerUtils        : Setting offset for partition inventory.reserved.v1-0 to the committed offset FetchPosition{offset=4, offsetEpoch=Optional.empty, currentLeader=LeaderAndEpoch{leader=Optional[localhost:9092 (id: 1 rack: null)], epoch=0}}
2026-09-06T17:12:56.765+05:30  INFO 31520 --- [payment-service] [org.springframework.kafka.KafkaListenerEndpointContainer#0-0-C-1] o.s.k.l.KafkaMessageListenerContainer    : payment-service: partitions assigned: [inventory.reserved.v1-0]
2026-09-06T17:16:42.596+05:30  INFO 42024 --- [payment-service] [main] c.r.c.payment.PaymentServiceApplication  : Starting PaymentServiceApplication using Java 21.0.4 with PID 42024 (F:\JAVAPROJECT1\backend\payment-service\build\classes\java\main started by Rishav in F:\JAVAPROJECT1\backend\payment-service)
2026-09-06T17:16:42.598+05:30  INFO 42024 --- [payment-service] [main] c.r.c.payment.PaymentServiceApplication  : No active profile set, falling back to 1 default profile: "default"
2026-09-06T17:16:43.345+05:30  INFO 42024 --- [payment-service] [main] .s.d.r.c.RepositoryConfigurationDelegate : Bootstrapping Spring Data JPA repositories in DEFAULT mode.
2026-09-06T17:16:43.388+05:30  INFO 42024 --- [payment-service] [main] .s.d.r.c.RepositoryConfigurationDelegate : Finished Spring Data repository scanning in 36 ms. Found 1 JPA repository interface.
2026-09-06T17:16:43.743+05:30  INFO 42024 --- [payment-service] [main] o.s.b.w.embedded.tomcat.TomcatWebServer  : Tomcat initialized with port 8085 (http)
2026-09-06T17:16:43.756+05:30  INFO 42024 --- [payment-service] [main] o.apache.catalina.core.StandardService   : Starting service [Tomcat]
2026-09-06T17:16:43.757+05:30  INFO 42024 --- [payment-service] [main] o.apache.catalina.core.StandardEngine    : Starting Servlet engine: [Apache Tomcat/10.1.55]
2026-09-06T17:16:43.854+05:30  INFO 42024 --- [payment-service] [main] o.a.c.c.C.[Tomcat].[localhost].[/]       : Initializing Spring embedded WebApplicationContext
2026-09-06T17:16:43.856+05:30  INFO 42024 --- [payment-service] [main] w.s.c.ServletWebServerApplicationContext : Root WebApplicationContext: initialization completed in 1219 ms
2026-09-06T17:16:44.212+05:30  INFO 42024 --- [payment-service] [main] com.zaxxer.hikari.HikariDataSource       : HikariPool-1 - Starting...
2026-09-06T17:16:44.344+05:30  INFO 42024 --- [payment-service] [main] com.zaxxer.hikari.pool.HikariPool        : HikariPool-1 - Added connection org.postgresql.jdbc.PgConnection@48a46b0f
2026-09-06T17:16:44.346+05:30  INFO 42024 --- [payment-service] [main] com.zaxxer.hikari.HikariDataSource       : HikariPool-1 - Start completed.
2026-09-06T17:16:44.375+05:30  INFO 42024 --- [payment-service] [main] org.flywaydb.core.FlywayExecutor         : Database: jdbc:postgresql://127.0.0.1:5433/payment_db (PostgreSQL 17.11)
2026-09-06T17:16:44.433+05:30  INFO 42024 --- [payment-service] [main] o.f.core.internal.command.DbValidate     : Successfully validated 2 migrations (execution time 00:00.029s)
2026-09-06T17:16:44.479+05:30  INFO 42024 --- [payment-service] [main] o.f.core.internal.command.DbMigrate      : Current version of schema "public": 2
2026-09-06T17:16:44.483+05:30  INFO 42024 --- [payment-service] [main] o.f.core.internal.command.DbMigrate      : Schema "public" is up to date. No migration necessary.
2026-09-06T17:16:44.570+05:30  INFO 42024 --- [payment-service] [main] o.hibernate.jpa.internal.util.LogHelper  : HHH000204: Processing PersistenceUnitInfo [name: default]
2026-09-06T17:16:44.618+05:30  INFO 42024 --- [payment-service] [main] org.hibernate.Version                    : HHH000412: Hibernate ORM core version 6.6.53.Final
2026-09-06T17:16:44.656+05:30  INFO 42024 --- [payment-service] [main] o.h.c.internal.RegionFactoryInitiator    : HHH000026: Second-level cache disabled
2026-09-06T17:16:44.911+05:30  INFO 42024 --- [payment-service] [main] o.s.o.j.p.SpringPersistenceUnitInfo      : No LoadTimeWeaver setup: ignoring JPA class transformer
2026-09-06T17:16:44.975+05:30  INFO 42024 --- [payment-service] [main] org.hibernate.orm.connections.pooling    : HHH10001005: Database info:
	Database JDBC URL [Connecting through datasource 'HikariDataSource (HikariPool-1)']
	Database driver: undefined/unknown
	Database version: 17.11
	Autocommit mode: undefined/unknown
	Isolation level: undefined/unknown
	Minimum pool size: undefined/unknown
	Maximum pool size: undefined/unknown
2026-09-06T17:16:45.593+05:30  INFO 42024 --- [payment-service] [main] o.h.e.t.j.p.i.JtaPlatformInitiator       : HHH000489: No JTA platform available (set 'hibernate.transaction.jta.platform' to enable JTA platform integration)
2026-09-06T17:16:45.629+05:30  INFO 42024 --- [payment-service] [main] j.LocalContainerEntityManagerFactoryBean : Initialized JPA EntityManagerFactory for persistence unit 'default'
2026-09-06T17:16:45.953+05:30  WARN 42024 --- [payment-service] [main] JpaBaseConfiguration$JpaWebConfiguration : spring.jpa.open-in-view is enabled by default. Therefore, database queries may be performed during view rendering. Explicitly configure spring.jpa.open-in-view to disable this warning
2026-09-06T17:16:46.377+05:30  INFO 42024 --- [payment-service] [main] o.s.b.a.e.web.EndpointLinksResolver      : Exposing 4 endpoints beneath base path '/actuator'
2026-09-06T17:16:46.474+05:30  INFO 42024 --- [payment-service] [main] o.s.b.w.embedded.tomcat.TomcatWebServer  : Tomcat started on port 8085 (http) with context path '/'
2026-09-06T17:16:46.507+05:30  INFO 42024 --- [payment-service] [main] o.a.k.clients.consumer.ConsumerConfig    : ConsumerConfig values: 
	allow.auto.create.topics = true
	auto.commit.interval.ms = 5000
	auto.include.jmx.reporter = true
	auto.offset.reset = latest
	bootstrap.servers = [localhost:9092]
	check.crcs = true
	client.dns.lookup = use_all_dns_ips
	client.id = consumer-payment-service-1
	client.rack = 
	connections.max.idle.ms = 540000
	default.api.timeout.ms = 60000
	enable.auto.commit = false
	enable.metrics.push = true
	exclude.internal.topics = true
	fetch.max.bytes = 52428800
	fetch.max.wait.ms = 500
	fetch.min.bytes = 1
	group.id = payment-service
	group.instance.id = null
	group.protocol = classic
	group.remote.assignor = null
	heartbeat.interval.ms = 3000
	interceptor.classes = []
	internal.leave.group.on.close = true
	internal.throw.on.fetch.stable.offset.unsupported = false
	isolation.level = read_uncommitted
	key.deserializer = class org.apache.kafka.common.serialization.StringDeserializer
	max.partition.fetch.bytes = 1048576
	max.poll.interval.ms = 300000
	max.poll.records = 500
	metadata.max.age.ms = 300000
	metadata.recovery.strategy = none
	metric.reporters = []
	metrics.num.samples = 2
	metrics.recording.level = INFO
	metrics.sample.window.ms = 30000
	partition.assignment.strategy = [class org.apache.kafka.clients.consumer.RangeAssignor, class org.apache.kafka.clients.consumer.CooperativeStickyAssignor]
	receive.buffer.bytes = 65536
	reconnect.backoff.max.ms = 1000
	reconnect.backoff.ms = 50
	request.timeout.ms = 30000
	retry.backoff.max.ms = 1000
	retry.backoff.ms = 100
	sasl.client.callback.handler.class = null
	sasl.jaas.config = null
	sasl.kerberos.kinit.cmd = /usr/bin/kinit
	sasl.kerberos.min.time.before.relogin = 60000
	sasl.kerberos.service.name = null
	sasl.kerberos.ticket.renew.jitter = 0.05
	sasl.kerberos.ticket.renew.window.factor = 0.8
	sasl.login.callback.handler.class = null
	sasl.login.class = null
	sasl.login.connect.timeout.ms = null
	sasl.login.read.timeout.ms = null
	sasl.login.refresh.buffer.seconds = 300
	sasl.login.refresh.min.period.seconds = 60
	sasl.login.refresh.window.factor = 0.8
	sasl.login.refresh.window.jitter = 0.05
	sasl.login.retry.backoff.max.ms = 10000
	sasl.login.retry.backoff.ms = 100
	sasl.mechanism = GSSAPI
	sasl.oauthbearer.clock.skew.seconds = 30
	sasl.oauthbearer.expected.audience = null
	sasl.oauthbearer.expected.issuer = null
	sasl.oauthbearer.header.urlencode = false
	sasl.oauthbearer.jwks.endpoint.refresh.ms = 3600000
	sasl.oauthbearer.jwks.endpoint.retry.backoff.max.ms = 10000
	sasl.oauthbearer.jwks.endpoint.retry.backoff.ms = 100
	sasl.oauthbearer.jwks.endpoint.url = null
	sasl.oauthbearer.scope.claim.name = scope
	sasl.oauthbearer.sub.claim.name = sub
	sasl.oauthbearer.token.endpoint.url = null
	security.protocol = PLAINTEXT
	security.providers = null
	send.buffer.bytes = 131072
	session.timeout.ms = 45000
	socket.connection.setup.timeout.max.ms = 30000
	socket.connection.setup.timeout.ms = 10000
	ssl.cipher.suites = null
	ssl.enabled.protocols = [TLSv1.2, TLSv1.3]
	ssl.endpoint.identification.algorithm = https
	ssl.engine.factory.class = null
	ssl.key.password = null
	ssl.keymanager.algorithm = SunX509
	ssl.keystore.certificate.chain = null
	ssl.keystore.key = null
	ssl.keystore.location = null
	ssl.keystore.password = null
	ssl.keystore.type = JKS
	ssl.protocol = TLSv1.3
	ssl.provider = null
	ssl.secure.random.implementation = null
	ssl.trustmanager.algorithm = PKIX
	ssl.truststore.certificates = null
	ssl.truststore.location = null
	ssl.truststore.password = null
	ssl.truststore.type = JKS
	value.deserializer = class org.springframework.kafka.support.serializer.JsonDeserializer

2026-09-06T17:16:46.545+05:30  INFO 42024 --- [payment-service] [main] o.a.k.c.t.i.KafkaMetricsCollector        : initializing Kafka metrics collector
2026-09-06T17:16:46.673+05:30  INFO 42024 --- [payment-service] [main] o.a.kafka.common.utils.AppInfoParser     : Kafka version: 3.9.2
2026-09-06T17:16:46.673+05:30  INFO 42024 --- [payment-service] [main] o.a.kafka.common.utils.AppInfoParser     : Kafka commitId: 5e9866f43ab8e7e4
2026-09-06T17:16:46.674+05:30  INFO 42024 --- [payment-service] [main] o.a.kafka.common.utils.AppInfoParser     : Kafka startTimeMs: 1788695206671
2026-09-06T17:16:46.688+05:30  INFO 42024 --- [payment-service] [main] o.a.k.c.c.i.ClassicKafkaConsumer         : [Consumer clientId=consumer-payment-service-1, groupId=payment-service] Subscribed to topic(s): inventory.reserved.v1
2026-09-06T17:16:46.708+05:30  INFO 42024 --- [payment-service] [main] c.r.c.payment.PaymentServiceApplication  : Started PaymentServiceApplication in 4.582 seconds (process running for 4.91)
2026-09-06T17:16:46.985+05:30  INFO 42024 --- [payment-service] [org.springframework.kafka.KafkaListenerEndpointContainer#0-0-C-1] org.apache.kafka.clients.Metadata        : [Consumer clientId=consumer-payment-service-1, groupId=payment-service] Cluster ID: 5L6g3nShT-eMCtK--X86sw
2026-09-06T17:16:46.986+05:30  INFO 42024 --- [payment-service] [org.springframework.kafka.KafkaListenerEndpointContainer#0-0-C-1] o.a.k.c.c.internals.ConsumerCoordinator  : [Consumer clientId=consumer-payment-service-1, groupId=payment-service] Discovered group coordinator localhost:9092 (id: 2147483646 rack: null)
2026-09-06T17:16:46.989+05:30  INFO 42024 --- [payment-service] [org.springframework.kafka.KafkaListenerEndpointContainer#0-0-C-1] o.a.k.c.c.internals.ConsumerCoordinator  : [Consumer clientId=consumer-payment-service-1, groupId=payment-service] (Re-)joining group
2026-09-06T17:16:47.005+05:30  INFO 42024 --- [payment-service] [org.springframework.kafka.KafkaListenerEndpointContainer#0-0-C-1] o.a.k.c.c.internals.ConsumerCoordinator  : [Consumer clientId=consumer-payment-service-1, groupId=payment-service] Request joining group due to: need to re-join with the given member-id: consumer-payment-service-1-f56ed7c8-a37c-4809-b40b-0f26b758be80
2026-09-06T17:16:47.005+05:30  INFO 42024 --- [payment-service] [org.springframework.kafka.KafkaListenerEndpointContainer#0-0-C-1] o.a.k.c.c.internals.ConsumerCoordinator  : [Consumer clientId=consumer-payment-service-1, groupId=payment-service] (Re-)joining group
2026-09-06T17:17:00.147+05:30  INFO 42024 --- [payment-service] [http-nio-8085-exec-2] o.a.c.c.C.[Tomcat].[localhost].[/]       : Initializing Spring DispatcherServlet 'dispatcherServlet'
2026-09-06T17:17:00.147+05:30  INFO 42024 --- [payment-service] [http-nio-8085-exec-2] o.s.web.servlet.DispatcherServlet        : Initializing Servlet 'dispatcherServlet'
2026-09-06T17:17:00.148+05:30  INFO 42024 --- [payment-service] [http-nio-8085-exec-2] o.s.web.servlet.DispatcherServlet        : Completed initialization in 1 ms
2026-09-06T17:17:21.890+05:30  INFO 42024 --- [payment-service] [org.springframework.kafka.KafkaListenerEndpointContainer#0-0-C-1] o.a.k.c.c.internals.ConsumerCoordinator  : [Consumer clientId=consumer-payment-service-1, groupId=payment-service] Successfully joined group with generation Generation{generationId=4, memberId='consumer-payment-service-1-f56ed7c8-a37c-4809-b40b-0f26b758be80', protocol='range'}
2026-09-06T17:17:21.914+05:30  INFO 42024 --- [payment-service] [org.springframework.kafka.KafkaListenerEndpointContainer#0-0-C-1] o.a.k.c.c.internals.ConsumerCoordinator  : [Consumer clientId=consumer-payment-service-1, groupId=payment-service] Finished assignment for group at generation 4: {consumer-payment-service-1-f56ed7c8-a37c-4809-b40b-0f26b758be80=Assignment(partitions=[inventory.reserved.v1-0])}
2026-09-06T17:17:21.945+05:30  INFO 42024 --- [payment-service] [org.springframework.kafka.KafkaListenerEndpointContainer#0-0-C-1] o.a.k.c.c.internals.ConsumerCoordinator  : [Consumer clientId=consumer-payment-service-1, groupId=payment-service] Successfully synced group in generation Generation{generationId=4, memberId='consumer-payment-service-1-f56ed7c8-a37c-4809-b40b-0f26b758be80', protocol='range'}
2026-09-06T17:17:21.947+05:30  INFO 42024 --- [payment-service] [org.springframework.kafka.KafkaListenerEndpointContainer#0-0-C-1] o.a.k.c.c.internals.ConsumerCoordinator  : [Consumer clientId=consumer-payment-service-1, groupId=payment-service] Notifying assignor about the new Assignment(partitions=[inventory.reserved.v1-0])
2026-09-06T17:17:21.962+05:30  INFO 42024 --- [payment-service] [org.springframework.kafka.KafkaListenerEndpointContainer#0-0-C-1] k.c.c.i.ConsumerRebalanceListenerInvoker : [Consumer clientId=consumer-payment-service-1, groupId=payment-service] Adding newly assigned partitions: inventory.reserved.v1-0
2026-09-06T17:17:22.000+05:30  INFO 42024 --- [payment-service] [org.springframework.kafka.KafkaListenerEndpointContainer#0-0-C-1] o.a.k.c.c.internals.ConsumerUtils        : Setting offset for partition inventory.reserved.v1-0 to the committed offset FetchPosition{offset=4, offsetEpoch=Optional.empty, currentLeader=LeaderAndEpoch{leader=Optional[localhost:9092 (id: 1 rack: null)], epoch=0}}
2026-09-06T17:17:22.007+05:30  INFO 42024 --- [payment-service] [org.springframework.kafka.KafkaListenerEndpointContainer#0-0-C-1] o.s.k.l.KafkaMessageListenerContainer    : payment-service: partitions assigned: [inventory.reserved.v1-0]
2026-09-06T17:49:58.864+05:30  INFO 42024 --- [payment-service] [org.springframework.kafka.KafkaListenerEndpointContainer#0-0-C-1] c.r.c.p.messaging.PaymentProcessor       : payment.awaiting_razorpay_checkout orderId=231d51de-ffc8-43ce-9073-d4d38fa2d4e5
2026-09-06T17:49:58.902+05:30  WARN 42024 --- [payment-service] [org.springframework.kafka.KafkaListenerEndpointContainer#0-0-C-1] o.h.engine.jdbc.spi.SqlExceptionHelper   : SQL Error: 0, SQLState: 23505
2026-09-06T17:49:58.902+05:30 ERROR 42024 --- [payment-service] [org.springframework.kafka.KafkaListenerEndpointContainer#0-0-C-1] o.h.engine.jdbc.spi.SqlExceptionHelper   : ERROR: duplicate key value violates unique constraint "payments_payment_id_key"
  Detail: Key (payment_id)=(pending) already exists.
2026-09-06T17:49:58.932+05:30  INFO 42024 --- [payment-service] [org.springframework.kafka.KafkaListenerEndpointContainer#0-0-C-1] o.a.k.c.c.i.ClassicKafkaConsumer         : [Consumer clientId=consumer-payment-service-1, groupId=payment-service] Seeking to offset 4 for partition inventory.reserved.v1-0
2026-09-06T17:49:58.932+05:30  INFO 42024 --- [payment-service] [org.springframework.kafka.KafkaListenerEndpointContainer#0-0-C-1] o.s.k.l.KafkaMessageListenerContainer    : Record in retry and not yet recovered
2026-09-06T17:49:59.030+05:30  INFO 42024 --- [payment-service] [org.springframework.kafka.KafkaListenerEndpointContainer#0-0-C-1] c.r.c.p.messaging.PaymentProcessor       : payment.awaiting_razorpay_checkout orderId=231d51de-ffc8-43ce-9073-d4d38fa2d4e5
2026-09-06T17:49:59.032+05:30  WARN 42024 --- [payment-service] [org.springframework.kafka.KafkaListenerEndpointContainer#0-0-C-1] o.h.engine.jdbc.spi.SqlExceptionHelper   : SQL Error: 0, SQLState: 23505
2026-09-06T17:49:59.032+05:30 ERROR 42024 --- [payment-service] [org.springframework.kafka.KafkaListenerEndpointContainer#0-0-C-1] o.h.engine.jdbc.spi.SqlExceptionHelper   : ERROR: duplicate key value violates unique constraint "payments_payment_id_key"
  Detail: Key (payment_id)=(pending) already exists.
2026-09-06T17:49:59.054+05:30  INFO 42024 --- [payment-service] [org.springframework.kafka.KafkaListenerEndpointContainer#0-0-C-1] o.a.k.c.c.i.ClassicKafkaConsumer         : [Consumer clientId=consumer-payment-service-1, groupId=payment-service] Seeking to offset 4 for partition inventory.reserved.v1-0
2026-09-06T17:49:59.054+05:30  INFO 42024 --- [payment-service] [org.springframework.kafka.KafkaListenerEndpointContainer#0-0-C-1] o.s.k.l.KafkaMessageListenerContainer    : Record in retry and not yet recovered
2026-09-06T17:49:59.569+05:30  INFO 42024 --- [payment-service] [org.springframework.kafka.KafkaListenerEndpointContainer#0-0-C-1] c.r.c.p.messaging.PaymentProcessor       : payment.awaiting_razorpay_checkout orderId=231d51de-ffc8-43ce-9073-d4d38fa2d4e5
2026-09-06T17:49:59.570+05:30  WARN 42024 --- [payment-service] [org.springframework.kafka.KafkaListenerEndpointContainer#0-0-C-1] o.h.engine.jdbc.spi.SqlExceptionHelper   : SQL Error: 0, SQLState: 23505
2026-09-06T17:49:59.571+05:30 ERROR 42024 --- [payment-service] [org.springframework.kafka.KafkaListenerEndpointContainer#0-0-C-1] o.h.engine.jdbc.spi.SqlExceptionHelper   : ERROR: duplicate key value violates unique constraint "payments_payment_id_key"
  Detail: Key (payment_id)=(pending) already exists.
2026-09-06T17:49:59.598+05:30  INFO 42024 --- [payment-service] [org.springframework.kafka.KafkaListenerEndpointContainer#0-0-C-1] o.a.k.c.c.i.ClassicKafkaConsumer         : [Consumer clientId=consumer-payment-service-1, groupId=payment-service] Seeking to offset 4 for partition inventory.reserved.v1-0
2026-09-06T17:49:59.598+05:30  INFO 42024 --- [payment-service] [org.springframework.kafka.KafkaListenerEndpointContainer#0-0-C-1] o.s.k.l.KafkaMessageListenerContainer    : Record in retry and not yet recovered
2026-09-06T17:50:00.111+05:30  INFO 42024 --- [payment-service] [org.springframework.kafka.KafkaListenerEndpointContainer#0-0-C-1] c.r.c.p.messaging.PaymentProcessor       : payment.awaiting_razorpay_checkout orderId=231d51de-ffc8-43ce-9073-d4d38fa2d4e5
2026-09-06T17:50:00.113+05:30  WARN 42024 --- [payment-service] [org.springframework.kafka.KafkaListenerEndpointContainer#0-0-C-1] o.h.engine.jdbc.spi.SqlExceptionHelper   : SQL Error: 0, SQLState: 23505
2026-09-06T17:50:00.114+05:30 ERROR 42024 --- [payment-service] [org.springframework.kafka.KafkaListenerEndpointContainer#0-0-C-1] o.h.engine.jdbc.spi.SqlExceptionHelper   : ERROR: duplicate key value violates unique constraint "payments_payment_id_key"
  Detail: Key (payment_id)=(pending) already exists.
2026-09-06T17:50:00.128+05:30  INFO 42024 --- [payment-service] [org.springframework.kafka.KafkaListenerEndpointContainer#0-0-C-1] o.a.k.c.c.i.ClassicKafkaConsumer         : [Consumer clientId=consumer-payment-service-1, groupId=payment-service] Seeking to offset 4 for partition inventory.reserved.v1-0
2026-09-06T17:50:00.128+05:30  INFO 42024 --- [payment-service] [org.springframework.kafka.KafkaListenerEndpointContainer#0-0-C-1] o.s.k.l.KafkaMessageListenerContainer    : Record in retry and not yet recovered
2026-09-06T17:50:00.656+05:30  INFO 42024 --- [payment-service] [org.springframework.kafka.KafkaListenerEndpointContainer#0-0-C-1] c.r.c.p.messaging.PaymentProcessor       : payment.awaiting_razorpay_checkout orderId=231d51de-ffc8-43ce-9073-d4d38fa2d4e5
2026-09-06T17:50:00.661+05:30  WARN 42024 --- [payment-service] [org.springframework.kafka.KafkaListenerEndpointContainer#0-0-C-1] o.h.engine.jdbc.spi.SqlExceptionHelper   : SQL Error: 0, SQLState: 23505
2026-09-06T17:50:00.661+05:30 ERROR 42024 --- [payment-service] [org.springframework.kafka.KafkaListenerEndpointContainer#0-0-C-1] o.h.engine.jdbc.spi.SqlExceptionHelper   : ERROR: duplicate key value violates unique constraint "payments_payment_id_key"
  Detail: Key (payment_id)=(pending) already exists.
2026-09-06T17:50:00.690+05:30  INFO 42024 --- [payment-service] [org.springframework.kafka.KafkaListenerEndpointContainer#0-0-C-1] o.a.k.c.c.i.ClassicKafkaConsumer         : [Consumer clientId=consumer-payment-service-1, groupId=payment-service] Seeking to offset 4 for partition inventory.reserved.v1-0
2026-09-06T17:50:00.690+05:30  INFO 42024 --- [payment-service] [org.springframework.kafka.KafkaListenerEndpointContainer#0-0-C-1] o.s.k.l.KafkaMessageListenerContainer    : Record in retry and not yet recovered
2026-09-06T17:50:01.197+05:30  INFO 42024 --- [payment-service] [org.springframework.kafka.KafkaListenerEndpointContainer#0-0-C-1] c.r.c.p.messaging.PaymentProcessor       : payment.awaiting_razorpay_checkout orderId=231d51de-ffc8-43ce-9073-d4d38fa2d4e5
2026-09-06T17:50:01.200+05:30  WARN 42024 --- [payment-service] [org.springframework.kafka.KafkaListenerEndpointContainer#0-0-C-1] o.h.engine.jdbc.spi.SqlExceptionHelper   : SQL Error: 0, SQLState: 23505
2026-09-06T17:50:01.200+05:30 ERROR 42024 --- [payment-service] [org.springframework.kafka.KafkaListenerEndpointContainer#0-0-C-1] o.h.engine.jdbc.spi.SqlExceptionHelper   : ERROR: duplicate key value violates unique constraint "payments_payment_id_key"
  Detail: Key (payment_id)=(pending) already exists.
2026-09-06T17:50:01.217+05:30  INFO 42024 --- [payment-service] [org.springframework.kafka.KafkaListenerEndpointContainer#0-0-C-1] o.a.k.c.c.i.ClassicKafkaConsumer         : [Consumer clientId=consumer-payment-service-1, groupId=payment-service] Seeking to offset 4 for partition inventory.reserved.v1-0
2026-09-06T17:50:01.217+05:30  INFO 42024 --- [payment-service] [org.springframework.kafka.KafkaListenerEndpointContainer#0-0-C-1] o.s.k.l.KafkaMessageListenerContainer    : Record in retry and not yet recovered
2026-09-06T17:50:01.741+05:30  INFO 42024 --- [payment-service] [org.springframework.kafka.KafkaListenerEndpointContainer#0-0-C-1] c.r.c.p.messaging.PaymentProcessor       : payment.awaiting_razorpay_checkout orderId=231d51de-ffc8-43ce-9073-d4d38fa2d4e5
2026-09-06T17:50:01.743+05:30  WARN 42024 --- [payment-service] [org.springframework.kafka.KafkaListenerEndpointContainer#0-0-C-1] o.h.engine.jdbc.spi.SqlExceptionHelper   : SQL Error: 0, SQLState: 23505
2026-09-06T17:50:01.743+05:30 ERROR 42024 --- [payment-service] [org.springframework.kafka.KafkaListenerEndpointContainer#0-0-C-1] o.h.engine.jdbc.spi.SqlExceptionHelper   : ERROR: duplicate key value violates unique constraint "payments_payment_id_key"
  Detail: Key (payment_id)=(pending) already exists.
2026-09-06T17:50:01.760+05:30  INFO 42024 --- [payment-service] [org.springframework.kafka.KafkaListenerEndpointContainer#0-0-C-1] o.a.k.c.c.i.ClassicKafkaConsumer         : [Consumer clientId=consumer-payment-service-1, groupId=payment-service] Seeking to offset 4 for partition inventory.reserved.v1-0
2026-09-06T17:50:01.760+05:30  INFO 42024 --- [payment-service] [org.springframework.kafka.KafkaListenerEndpointContainer#0-0-C-1] o.s.k.l.KafkaMessageListenerContainer    : Record in retry and not yet recovered
2026-09-06T17:50:02.283+05:30  INFO 42024 --- [payment-service] [org.springframework.kafka.KafkaListenerEndpointContainer#0-0-C-1] c.r.c.p.messaging.PaymentProcessor       : payment.awaiting_razorpay_checkout orderId=231d51de-ffc8-43ce-9073-d4d38fa2d4e5
2026-09-06T17:50:02.285+05:30  WARN 42024 --- [payment-service] [org.springframework.kafka.KafkaListenerEndpointContainer#0-0-C-1] o.h.engine.jdbc.spi.SqlExceptionHelper   : SQL Error: 0, SQLState: 23505
2026-09-06T17:50:02.285+05:30 ERROR 42024 --- [payment-service] [org.springframework.kafka.KafkaListenerEndpointContainer#0-0-C-1] o.h.engine.jdbc.spi.SqlExceptionHelper   : ERROR: duplicate key value violates unique constraint "payments_payment_id_key"
  Detail: Key (payment_id)=(pending) already exists.
2026-09-06T17:50:02.302+05:30  INFO 42024 --- [payment-service] [org.springframework.kafka.KafkaListenerEndpointContainer#0-0-C-1] o.a.k.c.c.i.ClassicKafkaConsumer         : [Consumer clientId=consumer-payment-service-1, groupId=payment-service] Seeking to offset 4 for partition inventory.reserved.v1-0
2026-09-06T17:50:02.302+05:30  INFO 42024 --- [payment-service] [org.springframework.kafka.KafkaListenerEndpointContainer#0-0-C-1] o.s.k.l.KafkaMessageListenerContainer    : Record in retry and not yet recovered
2026-09-06T17:50:02.824+05:30  INFO 42024 --- [payment-service] [org.springframework.kafka.KafkaListenerEndpointContainer#0-0-C-1] c.r.c.p.messaging.PaymentProcessor       : payment.awaiting_razorpay_checkout orderId=231d51de-ffc8-43ce-9073-d4d38fa2d4e5
2026-09-06T17:50:02.826+05:30  WARN 42024 --- [payment-service] [org.springframework.kafka.KafkaListenerEndpointContainer#0-0-C-1] o.h.engine.jdbc.spi.SqlExceptionHelper   : SQL Error: 0, SQLState: 23505
2026-09-06T17:50:02.826+05:30 ERROR 42024 --- [payment-service] [org.springframework.kafka.KafkaListenerEndpointContainer#0-0-C-1] o.h.engine.jdbc.spi.SqlExceptionHelper   : ERROR: duplicate key value violates unique constraint "payments_payment_id_key"
  Detail: Key (payment_id)=(pending) already exists.
2026-09-06T17:50:02.845+05:30  INFO 42024 --- [payment-service] [org.springframework.kafka.KafkaListenerEndpointContainer#0-0-C-1] o.a.k.c.c.i.ClassicKafkaConsumer         : [Consumer clientId=consumer-payment-service-1, groupId=payment-service] Seeking to offset 4 for partition inventory.reserved.v1-0
2026-09-06T17:50:02.845+05:30  INFO 42024 --- [payment-service] [org.springframework.kafka.KafkaListenerEndpointContainer#0-0-C-1] o.s.k.l.KafkaMessageListenerContainer    : Record in retry and not yet recovered
2026-09-06T17:50:03.370+05:30  INFO 42024 --- [payment-service] [org.springframework.kafka.KafkaListenerEndpointContainer#0-0-C-1] c.r.c.p.messaging.PaymentProcessor       : payment.awaiting_razorpay_checkout orderId=231d51de-ffc8-43ce-9073-d4d38fa2d4e5
2026-09-06T17:50:03.372+05:30  WARN 42024 --- [payment-service] [org.springframework.kafka.KafkaListenerEndpointContainer#0-0-C-1] o.h.engine.jdbc.spi.SqlExceptionHelper   : SQL Error: 0, SQLState: 23505
2026-09-06T17:50:03.372+05:30 ERROR 42024 --- [payment-service] [org.springframework.kafka.KafkaListenerEndpointContainer#0-0-C-1] o.h.engine.jdbc.spi.SqlExceptionHelper   : ERROR: duplicate key value violates unique constraint "payments_payment_id_key"
  Detail: Key (payment_id)=(pending) already exists.
2026-09-06T17:50:03.376+05:30 ERROR 42024 --- [payment-service] [org.springframework.kafka.KafkaListenerEndpointContainer#0-0-C-1] o.s.kafka.listener.DefaultErrorHandler   : Backoff FixedBackOff{interval=0, currentAttempts=10, maxAttempts=9} exhausted for inventory.reserved.v1-0@4

org.springframework.kafka.listener.ListenerExecutionFailedException: Listener method 'void com.rishav.commerce.payment.messaging.PaymentProcessor.pay(com.rishav.commerce.events.InventoryReservedEvent)' threw exception
	at org.springframework.kafka.listener.KafkaMessageListenerContainer$ListenerConsumer.decorateException(KafkaMessageListenerContainer.java:3043) ~[spring-kafka-3.3.16.jar:3.3.16]
	at org.springframework.kafka.listener.KafkaMessageListenerContainer$ListenerConsumer.doInvokeOnMessage(KafkaMessageListenerContainer.java:2950) ~[spring-kafka-3.3.16.jar:3.3.16]
	at org.springframework.kafka.listener.KafkaMessageListenerContainer$ListenerConsumer.invokeOnMessage(KafkaMessageListenerContainer.java:2914) ~[spring-kafka-3.3.16.jar:3.3.16]
	at org.springframework.kafka.listener.KafkaMessageListenerContainer$ListenerConsumer.doInvokeRecordListener(KafkaMessageListenerContainer.java:2826) ~[spring-kafka-3.3.16.jar:3.3.16]
	at org.springframework.kafka.listener.KafkaMessageListenerContainer$ListenerConsumer.doInvokeWithRecords(KafkaMessageListenerContainer.java:2663) ~[spring-kafka-3.3.16.jar:3.3.16]
	at org.springframework.kafka.listener.KafkaMessageListenerContainer$ListenerConsumer.invokeRecordListener(KafkaMessageListenerContainer.java:2552) ~[spring-kafka-3.3.16.jar:3.3.16]
	at org.springframework.kafka.listener.KafkaMessageListenerContainer$ListenerConsumer.invokeListener(KafkaMessageListenerContainer.java:2201) ~[spring-kafka-3.3.16.jar:3.3.16]
	at org.springframework.kafka.listener.KafkaMessageListenerContainer$ListenerConsumer.invokeIfHaveRecords(KafkaMessageListenerContainer.java:1555) ~[spring-kafka-3.3.16.jar:3.3.16]
	at org.springframework.kafka.listener.KafkaMessageListenerContainer$ListenerConsumer.pollAndInvoke(KafkaMessageListenerContainer.java:1493) ~[spring-kafka-3.3.16.jar:3.3.16]
	at org.springframework.kafka.listener.KafkaMessageListenerContainer$ListenerConsumer.run(KafkaMessageListenerContainer.java:1362) ~[spring-kafka-3.3.16.jar:3.3.16]
	at java.base/java.util.concurrent.CompletableFuture$AsyncRun.run(CompletableFuture.java:1804) ~[na:na]
	at java.base/java.lang.Thread.run(Thread.java:1583) ~[na:na]
	Suppressed: org.springframework.kafka.listener.ListenerExecutionFailedException: Restored Stack Trace
		at org.springframework.kafka.listener.adapter.MessagingMessageListenerAdapter.invokeHandler(MessagingMessageListenerAdapter.java:490) ~[spring-kafka-3.3.16.jar:3.3.16]
		at org.springframework.kafka.listener.adapter.MessagingMessageListenerAdapter.invoke(MessagingMessageListenerAdapter.java:421) ~[spring-kafka-3.3.16.jar:3.3.16]
		at org.springframework.kafka.listener.adapter.RecordMessagingMessageListenerAdapter.onMessage(RecordMessagingMessageListenerAdapter.java:85) ~[spring-kafka-3.3.16.jar:3.3.16]
		at org.springframework.kafka.listener.adapter.RecordMessagingMessageListenerAdapter.onMessage(RecordMessagingMessageListenerAdapter.java:50) ~[spring-kafka-3.3.16.jar:3.3.16]
		at org.springframework.kafka.listener.KafkaMessageListenerContainer$ListenerConsumer.doInvokeOnMessage(KafkaMessageListenerContainer.java:2936) ~[spring-kafka-3.3.16.jar:3.3.16]
Caused by: org.springframework.dao.DataIntegrityViolationException: could not execute statement [ERROR: duplicate key value violates unique constraint "payments_payment_id_key"
  Detail: Key (payment_id)=(pending) already exists.] [insert into payments (payment_id,razorpay_order_id,status,order_id) values (?,?,?,?)]; SQL [insert into payments (payment_id,razorpay_order_id,status,order_id) values (?,?,?,?)]; constraint [payments_payment_id_key]
	at org.springframework.orm.jpa.vendor.HibernateJpaDialect.convertHibernateAccessException(HibernateJpaDialect.java:294) ~[spring-orm-6.2.19.jar:6.2.19]
	at org.springframework.orm.jpa.vendor.HibernateJpaDialect.convertHibernateAccessException(HibernateJpaDialect.java:256) ~[spring-orm-6.2.19.jar:6.2.19]
	at org.springframework.orm.jpa.vendor.HibernateJpaDialect.translateExceptionIfPossible(HibernateJpaDialect.java:241) ~[spring-orm-6.2.19.jar:6.2.19]
	at org.springframework.orm.jpa.JpaTransactionManager.doCommit(JpaTransactionManager.java:567) ~[spring-orm-6.2.19.jar:6.2.19]
	at org.springframework.transaction.support.AbstractPlatformTransactionManager.processCommit(AbstractPlatformTransactionManager.java:795) ~[spring-tx-6.2.19.jar:6.2.19]
	at org.springframework.transaction.support.AbstractPlatformTransactionManager.commit(AbstractPlatformTransactionManager.java:758) ~[spring-tx-6.2.19.jar:6.2.19]
	at org.springframework.transaction.interceptor.TransactionAspectSupport.commitTransactionAfterReturning(TransactionAspectSupport.java:698) ~[spring-tx-6.2.19.jar:6.2.19]
	at org.springframework.transaction.interceptor.TransactionAspectSupport.invokeWithinTransaction(TransactionAspectSupport.java:416) ~[spring-tx-6.2.19.jar:6.2.19]
	at org.springframework.transaction.interceptor.TransactionInterceptor.invoke(TransactionInterceptor.java:119) ~[spring-tx-6.2.19.jar:6.2.19]
	at org.springframework.aop.framework.ReflectiveMethodInvocation.proceed(ReflectiveMethodInvocation.java:184) ~[spring-aop-6.2.19.jar:6.2.19]
	at org.springframework.aop.framework.CglibAopProxy$DynamicAdvisedInterceptor.intercept(CglibAopProxy.java:728) ~[spring-aop-6.2.19.jar:6.2.19]
	at com.rishav.commerce.payment.messaging.PaymentProcessor$$SpringCGLIB$$0.pay(<generated>) ~[main/:na]
	at java.base/jdk.internal.reflect.DirectMethodHandleAccessor.invoke(DirectMethodHandleAccessor.java:103) ~[na:na]
	at java.base/java.lang.reflect.Method.invoke(Method.java:580) ~[na:na]
	at org.springframework.messaging.handler.invocation.InvocableHandlerMethod.doInvoke(InvocableHandlerMethod.java:169) ~[spring-messaging-6.2.19.jar:6.2.19]
	at org.springframework.kafka.listener.adapter.KotlinAwareInvocableHandlerMethod.doInvoke(KotlinAwareInvocableHandlerMethod.java:45) ~[spring-kafka-3.3.16.jar:3.3.16]
	at org.springframework.messaging.handler.invocation.InvocableHandlerMethod.invoke(InvocableHandlerMethod.java:119) ~[spring-messaging-6.2.19.jar:6.2.19]
	at org.springframework.kafka.listener.adapter.HandlerAdapter.invoke(HandlerAdapter.java:78) ~[spring-kafka-3.3.16.jar:3.3.16]
	at org.springframework.kafka.listener.adapter.MessagingMessageListenerAdapter.invokeHandler(MessagingMessageListenerAdapter.java:475) ~[spring-kafka-3.3.16.jar:3.3.16]
	at org.springframework.kafka.listener.adapter.MessagingMessageListenerAdapter.invoke(MessagingMessageListenerAdapter.java:421) ~[spring-kafka-3.3.16.jar:3.3.16]
	at org.springframework.kafka.listener.adapter.RecordMessagingMessageListenerAdapter.onMessage(RecordMessagingMessageListenerAdapter.java:85) ~[spring-kafka-3.3.16.jar:3.3.16]
	at org.springframework.kafka.listener.adapter.RecordMessagingMessageListenerAdapter.onMessage(RecordMessagingMessageListenerAdapter.java:50) ~[spring-kafka-3.3.16.jar:3.3.16]
	at org.springframework.kafka.listener.KafkaMessageListenerContainer$ListenerConsumer.doInvokeOnMessage(KafkaMessageListenerContainer.java:2936) ~[spring-kafka-3.3.16.jar:3.3.16]
	... 10 common frames omitted
Caused by: org.hibernate.exception.ConstraintViolationException: could not execute statement [ERROR: duplicate key value violates unique constraint "payments_payment_id_key"
  Detail: Key (payment_id)=(pending) already exists.] [insert into payments (payment_id,razorpay_order_id,status,order_id) values (?,?,?,?)]
	at org.hibernate.exception.internal.SQLStateConversionDelegate.convert(SQLStateConversionDelegate.java:97) ~[hibernate-core-6.6.53.Final.jar:6.6.53.Final]
	at org.hibernate.exception.internal.StandardSQLExceptionConverter.convert(StandardSQLExceptionConverter.java:58) ~[hibernate-core-6.6.53.Final.jar:6.6.53.Final]
	at org.hibernate.engine.jdbc.spi.SqlExceptionHelper.convert(SqlExceptionHelper.java:108) ~[hibernate-core-6.6.53.Final.jar:6.6.53.Final]
	at org.hibernate.engine.jdbc.internal.ResultSetReturnImpl.executeUpdate(ResultSetReturnImpl.java:197) ~[hibernate-core-6.6.53.Final.jar:6.6.53.Final]
	at org.hibernate.engine.jdbc.mutation.internal.AbstractMutationExecutor.performNonBatchedMutation(AbstractMutationExecutor.java:134) ~[hibernate-core-6.6.53.Final.jar:6.6.53.Final]
	at org.hibernate.engine.jdbc.mutation.internal.MutationExecutorSingleNonBatched.performNonBatchedOperations(MutationExecutorSingleNonBatched.java:55) ~[hibernate-core-6.6.53.Final.jar:6.6.53.Final]
	at org.hibernate.engine.jdbc.mutation.internal.AbstractMutationExecutor.execute(AbstractMutationExecutor.java:55) ~[hibernate-core-6.6.53.Final.jar:6.6.53.Final]
	at org.hibernate.persister.entity.mutation.InsertCoordinatorStandard.doStaticInserts(InsertCoordinatorStandard.java:194) ~[hibernate-core-6.6.53.Final.jar:6.6.53.Final]
	at org.hibernate.persister.entity.mutation.InsertCoordinatorStandard.coordinateInsert(InsertCoordinatorStandard.java:132) ~[hibernate-core-6.6.53.Final.jar:6.6.53.Final]
	at org.hibernate.persister.entity.mutation.InsertCoordinatorStandard.insert(InsertCoordinatorStandard.java:104) ~[hibernate-core-6.6.53.Final.jar:6.6.53.Final]
	at org.hibernate.action.internal.EntityInsertAction.execute(EntityInsertAction.java:110) ~[hibernate-core-6.6.53.Final.jar:6.6.53.Final]
	at org.hibernate.engine.spi.ActionQueue.executeActions(ActionQueue.java:644) ~[hibernate-core-6.6.53.Final.jar:6.6.53.Final]
	at org.hibernate.engine.spi.ActionQueue.executeActions(ActionQueue.java:511) ~[hibernate-core-6.6.53.Final.jar:6.6.53.Final]
	at org.hibernate.event.internal.AbstractFlushingEventListener.performExecutions(AbstractFlushingEventListener.java:414) ~[hibernate-core-6.6.53.Final.jar:6.6.53.Final]
	at org.hibernate.event.internal.DefaultFlushEventListener.onFlush(DefaultFlushEventListener.java:41) ~[hibernate-core-6.6.53.Final.jar:6.6.53.Final]
	at org.hibernate.event.service.internal.EventListenerGroupImpl.fireEventOnEachListener(EventListenerGroupImpl.java:127) ~[hibernate-core-6.6.53.Final.jar:6.6.53.Final]
	at org.hibernate.internal.SessionImpl.doFlush(SessionImpl.java:1429) ~[hibernate-core-6.6.53.Final.jar:6.6.53.Final]
	at org.hibernate.internal.SessionImpl.managedFlush(SessionImpl.java:491) ~[hibernate-core-6.6.53.Final.jar:6.6.53.Final]
	at org.hibernate.internal.SessionImpl.flushBeforeTransactionCompletion(SessionImpl.java:2354) ~[hibernate-core-6.6.53.Final.jar:6.6.53.Final]
	at org.hibernate.internal.SessionImpl.beforeTransactionCompletion(SessionImpl.java:1978) ~[hibernate-core-6.6.53.Final.jar:6.6.53.Final]
	at org.hibernate.engine.jdbc.internal.JdbcCoordinatorImpl.beforeTransactionCompletion(JdbcCoordinatorImpl.java:439) ~[hibernate-core-6.6.53.Final.jar:6.6.53.Final]
	at org.hibernate.resource.transaction.backend.jdbc.internal.JdbcResourceLocalTransactionCoordinatorImpl.beforeCompletionCallback(JdbcResourceLocalTransactionCoordinatorImpl.java:169) ~[hibernate-core-6.6.53.Final.jar:6.6.53.Final]
	at org.hibernate.resource.transaction.backend.jdbc.internal.JdbcResourceLocalTransactionCoordinatorImpl$TransactionDriverControlImpl.commit(JdbcResourceLocalTransactionCoordinatorImpl.java:267) ~[hibernate-core-6.6.53.Final.jar:6.6.53.Final]
	at org.hibernate.engine.transaction.internal.TransactionImpl.commit(TransactionImpl.java:101) ~[hibernate-core-6.6.53.Final.jar:6.6.53.Final]
	at org.springframework.orm.jpa.JpaTransactionManager.doCommit(JpaTransactionManager.java:563) ~[spring-orm-6.2.19.jar:6.2.19]
	... 29 common frames omitted
Caused by: org.postgresql.util.PSQLException: ERROR: duplicate key value violates unique constraint "payments_payment_id_key"
  Detail: Key (payment_id)=(pending) already exists.
	at org.postgresql.core.v3.QueryExecutorImpl.receiveErrorResponse(QueryExecutorImpl.java:2904) ~[postgresql-42.7.11.jar:42.7.11]
	at org.postgresql.core.v3.QueryExecutorImpl.processResults(QueryExecutorImpl.java:2589) ~[postgresql-42.7.11.jar:42.7.11]
	at org.postgresql.core.v3.QueryExecutorImpl.execute(QueryExecutorImpl.java:431) ~[postgresql-42.7.11.jar:42.7.11]
	at org.postgresql.jdbc.PgStatement.executeInternal(PgStatement.java:534) ~[postgresql-42.7.11.jar:42.7.11]
	at org.postgresql.jdbc.PgStatement.execute(PgStatement.java:437) ~[postgresql-42.7.11.jar:42.7.11]
	at org.postgresql.jdbc.PgPreparedStatement.executeWithFlags(PgPreparedStatement.java:196) ~[postgresql-42.7.11.jar:42.7.11]
	at org.postgresql.jdbc.PgPreparedStatement.executeUpdate(PgPreparedStatement.java:157) ~[postgresql-42.7.11.jar:42.7.11]
	at com.zaxxer.hikari.pool.ProxyPreparedStatement.executeUpdate(ProxyPreparedStatement.java:61) ~[HikariCP-6.3.3.jar:na]
	at com.zaxxer.hikari.pool.HikariProxyPreparedStatement.executeUpdate(HikariProxyPreparedStatement.java) ~[HikariCP-6.3.3.jar:na]
	at org.hibernate.engine.jdbc.internal.ResultSetReturnImpl.executeUpdate(ResultSetReturnImpl.java:194) ~[hibernate-core-6.6.53.Final.jar:6.6.53.Final]
	... 50 common frames omitted

2026-09-06T17:54:00.075+05:30  INFO 17172 --- [payment-service] [main] c.r.c.payment.PaymentServiceApplication  : Starting PaymentServiceApplication using Java 21.0.4 with PID 17172 (F:\JAVAPROJECT1\backend\payment-service\build\classes\java\main started by Rishav in F:\JAVAPROJECT1\backend\payment-service)
2026-09-06T17:54:00.077+05:30  INFO 17172 --- [payment-service] [main] c.r.c.payment.PaymentServiceApplication  : No active profile set, falling back to 1 default profile: "default"
2026-09-06T17:54:01.030+05:30  INFO 17172 --- [payment-service] [main] .s.d.r.c.RepositoryConfigurationDelegate : Bootstrapping Spring Data JPA repositories in DEFAULT mode.
2026-09-06T17:54:01.084+05:30  INFO 17172 --- [payment-service] [main] .s.d.r.c.RepositoryConfigurationDelegate : Finished Spring Data repository scanning in 45 ms. Found 1 JPA repository interface.
2026-09-06T17:54:01.593+05:30  INFO 17172 --- [payment-service] [main] o.s.b.w.embedded.tomcat.TomcatWebServer  : Tomcat initialized with port 8085 (http)
2026-09-06T17:54:01.613+05:30  INFO 17172 --- [payment-service] [main] o.apache.catalina.core.StandardService   : Starting service [Tomcat]
2026-09-06T17:54:01.613+05:30  INFO 17172 --- [payment-service] [main] o.apache.catalina.core.StandardEngine    : Starting Servlet engine: [Apache Tomcat/10.1.55]
2026-09-06T17:54:01.682+05:30  INFO 17172 --- [payment-service] [main] o.a.c.c.C.[Tomcat].[localhost].[/]       : Initializing Spring embedded WebApplicationContext
2026-09-06T17:54:01.683+05:30  INFO 17172 --- [payment-service] [main] w.s.c.ServletWebServerApplicationContext : Root WebApplicationContext: initialization completed in 1559 ms
2026-09-06T17:54:02.195+05:30  INFO 17172 --- [payment-service] [main] com.zaxxer.hikari.HikariDataSource       : HikariPool-1 - Starting...
2026-09-06T17:54:02.492+05:30  INFO 17172 --- [payment-service] [main] com.zaxxer.hikari.pool.HikariPool        : HikariPool-1 - Added connection org.postgresql.jdbc.PgConnection@11148dc2
2026-09-06T17:54:02.497+05:30  INFO 17172 --- [payment-service] [main] com.zaxxer.hikari.HikariDataSource       : HikariPool-1 - Start completed.
2026-09-06T17:54:02.557+05:30  INFO 17172 --- [payment-service] [main] org.flywaydb.core.FlywayExecutor         : Database: jdbc:postgresql://127.0.0.1:5433/payment_db (PostgreSQL 17.11)
2026-09-06T17:54:02.663+05:30  INFO 17172 --- [payment-service] [main] o.f.core.internal.command.DbValidate     : Successfully validated 2 migrations (execution time 00:00.057s)
2026-09-06T17:54:02.697+05:30  INFO 17172 --- [payment-service] [main] o.f.core.internal.command.DbMigrate      : Current version of schema "public": 2
2026-09-06T17:54:02.703+05:30  INFO 17172 --- [payment-service] [main] o.f.core.internal.command.DbMigrate      : Schema "public" is up to date. No migration necessary.
2026-09-06T17:54:02.841+05:30  INFO 17172 --- [payment-service] [main] o.hibernate.jpa.internal.util.LogHelper  : HHH000204: Processing PersistenceUnitInfo [name: default]
2026-09-06T17:54:02.918+05:30  INFO 17172 --- [payment-service] [main] org.hibernate.Version                    : HHH000412: Hibernate ORM core version 6.6.53.Final
2026-09-06T17:54:02.968+05:30  INFO 17172 --- [payment-service] [main] o.h.c.internal.RegionFactoryInitiator    : HHH000026: Second-level cache disabled
2026-09-06T17:54:03.524+05:30  INFO 17172 --- [payment-service] [main] o.s.o.j.p.SpringPersistenceUnitInfo      : No LoadTimeWeaver setup: ignoring JPA class transformer
2026-09-06T17:54:03.669+05:30  INFO 17172 --- [payment-service] [main] org.hibernate.orm.connections.pooling    : HHH10001005: Database info:
	Database JDBC URL [Connecting through datasource 'HikariDataSource (HikariPool-1)']
	Database driver: undefined/unknown
	Database version: 17.11
	Autocommit mode: undefined/unknown
	Isolation level: undefined/unknown
	Minimum pool size: undefined/unknown
	Maximum pool size: undefined/unknown
2026-09-06T17:54:05.094+05:30  INFO 17172 --- [payment-service] [main] o.h.e.t.j.p.i.JtaPlatformInitiator       : HHH000489: No JTA platform available (set 'hibernate.transaction.jta.platform' to enable JTA platform integration)
2026-09-06T17:54:05.179+05:30  INFO 17172 --- [payment-service] [main] j.LocalContainerEntityManagerFactoryBean : Initialized JPA EntityManagerFactory for persistence unit 'default'
2026-09-06T17:54:06.035+05:30  WARN 17172 --- [payment-service] [main] JpaBaseConfiguration$JpaWebConfiguration : spring.jpa.open-in-view is enabled by default. Therefore, database queries may be performed during view rendering. Explicitly configure spring.jpa.open-in-view to disable this warning
2026-09-06T17:54:06.956+05:30  INFO 17172 --- [payment-service] [main] o.s.b.a.e.web.EndpointLinksResolver      : Exposing 4 endpoints beneath base path '/actuator'
2026-09-06T17:54:07.147+05:30  INFO 17172 --- [payment-service] [main] o.s.b.w.embedded.tomcat.TomcatWebServer  : Tomcat started on port 8085 (http) with context path '/'
2026-09-06T17:54:07.209+05:30  INFO 17172 --- [payment-service] [main] o.a.k.clients.consumer.ConsumerConfig    : ConsumerConfig values: 
	allow.auto.create.topics = true
	auto.commit.interval.ms = 5000
	auto.include.jmx.reporter = true
	auto.offset.reset = latest
	bootstrap.servers = [localhost:9092]
	check.crcs = true
	client.dns.lookup = use_all_dns_ips
	client.id = consumer-payment-service-1
	client.rack = 
	connections.max.idle.ms = 540000
	default.api.timeout.ms = 60000
	enable.auto.commit = false
	enable.metrics.push = true
	exclude.internal.topics = true
	fetch.max.bytes = 52428800
	fetch.max.wait.ms = 500
	fetch.min.bytes = 1
	group.id = payment-service
	group.instance.id = null
	group.protocol = classic
	group.remote.assignor = null
	heartbeat.interval.ms = 3000
	interceptor.classes = []
	internal.leave.group.on.close = true
	internal.throw.on.fetch.stable.offset.unsupported = false
	isolation.level = read_uncommitted
	key.deserializer = class org.apache.kafka.common.serialization.StringDeserializer
	max.partition.fetch.bytes = 1048576
	max.poll.interval.ms = 300000
	max.poll.records = 500
	metadata.max.age.ms = 300000
	metadata.recovery.strategy = none
	metric.reporters = []
	metrics.num.samples = 2
	metrics.recording.level = INFO
	metrics.sample.window.ms = 30000
	partition.assignment.strategy = [class org.apache.kafka.clients.consumer.RangeAssignor, class org.apache.kafka.clients.consumer.CooperativeStickyAssignor]
	receive.buffer.bytes = 65536
	reconnect.backoff.max.ms = 1000
	reconnect.backoff.ms = 50
	request.timeout.ms = 30000
	retry.backoff.max.ms = 1000
	retry.backoff.ms = 100
	sasl.client.callback.handler.class = null
	sasl.jaas.config = null
	sasl.kerberos.kinit.cmd = /usr/bin/kinit
	sasl.kerberos.min.time.before.relogin = 60000
	sasl.kerberos.service.name = null
	sasl.kerberos.ticket.renew.jitter = 0.05
	sasl.kerberos.ticket.renew.window.factor = 0.8
	sasl.login.callback.handler.class = null
	sasl.login.class = null
	sasl.login.connect.timeout.ms = null
	sasl.login.read.timeout.ms = null
	sasl.login.refresh.buffer.seconds = 300
	sasl.login.refresh.min.period.seconds = 60
	sasl.login.refresh.window.factor = 0.8
	sasl.login.refresh.window.jitter = 0.05
	sasl.login.retry.backoff.max.ms = 10000
	sasl.login.retry.backoff.ms = 100
	sasl.mechanism = GSSAPI
	sasl.oauthbearer.clock.skew.seconds = 30
	sasl.oauthbearer.expected.audience = null
	sasl.oauthbearer.expected.issuer = null
	sasl.oauthbearer.header.urlencode = false
	sasl.oauthbearer.jwks.endpoint.refresh.ms = 3600000
	sasl.oauthbearer.jwks.endpoint.retry.backoff.max.ms = 10000
	sasl.oauthbearer.jwks.endpoint.retry.backoff.ms = 100
	sasl.oauthbearer.jwks.endpoint.url = null
	sasl.oauthbearer.scope.claim.name = scope
	sasl.oauthbearer.sub.claim.name = sub
	sasl.oauthbearer.token.endpoint.url = null
	security.protocol = PLAINTEXT
	security.providers = null
	send.buffer.bytes = 131072
	session.timeout.ms = 45000
	socket.connection.setup.timeout.max.ms = 30000
	socket.connection.setup.timeout.ms = 10000
	ssl.cipher.suites = null
	ssl.enabled.protocols = [TLSv1.2, TLSv1.3]
	ssl.endpoint.identification.algorithm = https
	ssl.engine.factory.class = null
	ssl.key.password = null
	ssl.keymanager.algorithm = SunX509
	ssl.keystore.certificate.chain = null
	ssl.keystore.key = null
	ssl.keystore.location = null
	ssl.keystore.password = null
	ssl.keystore.type = JKS
	ssl.protocol = TLSv1.3
	ssl.provider = null
	ssl.secure.random.implementation = null
	ssl.trustmanager.algorithm = PKIX
	ssl.truststore.certificates = null
	ssl.truststore.location = null
	ssl.truststore.password = null
	ssl.truststore.type = JKS
	value.deserializer = class org.springframework.kafka.support.serializer.JsonDeserializer

2026-09-06T17:54:07.290+05:30  INFO 17172 --- [payment-service] [main] o.a.k.c.t.i.KafkaMetricsCollector        : initializing Kafka metrics collector
2026-09-06T17:54:07.581+05:30  INFO 17172 --- [payment-service] [main] o.a.kafka.common.utils.AppInfoParser     : Kafka version: 3.9.2
2026-09-06T17:54:07.582+05:30  INFO 17172 --- [payment-service] [main] o.a.kafka.common.utils.AppInfoParser     : Kafka commitId: 5e9866f43ab8e7e4
2026-09-06T17:54:07.583+05:30  INFO 17172 --- [payment-service] [main] o.a.kafka.common.utils.AppInfoParser     : Kafka startTimeMs: 1788697447578
2026-09-06T17:54:07.611+05:30  INFO 17172 --- [payment-service] [main] o.a.k.c.c.i.ClassicKafkaConsumer         : [Consumer clientId=consumer-payment-service-1, groupId=payment-service] Subscribed to topic(s): inventory.reserved.v1
2026-09-06T17:54:07.669+05:30  INFO 17172 --- [payment-service] [main] c.r.c.payment.PaymentServiceApplication  : Started PaymentServiceApplication in 8.225 seconds (process running for 8.643)
2026-09-06T17:54:08.262+05:30  INFO 17172 --- [payment-service] [org.springframework.kafka.KafkaListenerEndpointContainer#0-0-C-1] org.apache.kafka.clients.Metadata        : [Consumer clientId=consumer-payment-service-1, groupId=payment-service] Cluster ID: 5L6g3nShT-eMCtK--X86sw
2026-09-06T17:54:08.264+05:30  INFO 17172 --- [payment-service] [org.springframework.kafka.KafkaListenerEndpointContainer#0-0-C-1] o.a.k.c.c.internals.ConsumerCoordinator  : [Consumer clientId=consumer-payment-service-1, groupId=payment-service] Discovered group coordinator localhost:9092 (id: 2147483646 rack: null)
2026-09-06T17:54:08.270+05:30  INFO 17172 --- [payment-service] [org.springframework.kafka.KafkaListenerEndpointContainer#0-0-C-1] o.a.k.c.c.internals.ConsumerCoordinator  : [Consumer clientId=consumer-payment-service-1, groupId=payment-service] (Re-)joining group
2026-09-06T17:54:08.300+05:30  INFO 17172 --- [payment-service] [org.springframework.kafka.KafkaListenerEndpointContainer#0-0-C-1] o.a.k.c.c.internals.ConsumerCoordinator  : [Consumer clientId=consumer-payment-service-1, groupId=payment-service] Request joining group due to: need to re-join with the given member-id: consumer-payment-service-1-4b53a336-a74c-46cc-9d53-eb0f2fbd4d29
2026-09-06T17:54:08.301+05:30  INFO 17172 --- [payment-service] [org.springframework.kafka.KafkaListenerEndpointContainer#0-0-C-1] o.a.k.c.c.internals.ConsumerCoordinator  : [Consumer clientId=consumer-payment-service-1, groupId=payment-service] (Re-)joining group
2026-09-06T17:54:18.579+05:30  INFO 17172 --- [payment-service] [http-nio-8085-exec-1] o.a.c.c.C.[Tomcat].[localhost].[/]       : Initializing Spring DispatcherServlet 'dispatcherServlet'
2026-09-06T17:54:18.580+05:30  INFO 17172 --- [payment-service] [http-nio-8085-exec-1] o.s.web.servlet.DispatcherServlet        : Initializing Servlet 'dispatcherServlet'
2026-09-06T17:54:18.582+05:30  INFO 17172 --- [payment-service] [http-nio-8085-exec-1] o.s.web.servlet.DispatcherServlet        : Completed initialization in 2 ms
2026-09-06T17:54:37.380+05:30  INFO 17172 --- [payment-service] [org.springframework.kafka.KafkaListenerEndpointContainer#0-0-C-1] o.a.k.c.c.internals.ConsumerCoordinator  : [Consumer clientId=consumer-payment-service-1, groupId=payment-service] Successfully joined group with generation Generation{generationId=5, memberId='consumer-payment-service-1-4b53a336-a74c-46cc-9d53-eb0f2fbd4d29', protocol='range'}
2026-09-06T17:54:37.392+05:30  INFO 17172 --- [payment-service] [org.springframework.kafka.KafkaListenerEndpointContainer#0-0-C-1] o.a.k.c.c.internals.ConsumerCoordinator  : [Consumer clientId=consumer-payment-service-1, groupId=payment-service] Finished assignment for group at generation 5: {consumer-payment-service-1-4b53a336-a74c-46cc-9d53-eb0f2fbd4d29=Assignment(partitions=[inventory.reserved.v1-0])}
2026-09-06T17:54:37.404+05:30  INFO 17172 --- [payment-service] [org.springframework.kafka.KafkaListenerEndpointContainer#0-0-C-1] o.a.k.c.c.internals.ConsumerCoordinator  : [Consumer clientId=consumer-payment-service-1, groupId=payment-service] Successfully synced group in generation Generation{generationId=5, memberId='consumer-payment-service-1-4b53a336-a74c-46cc-9d53-eb0f2fbd4d29', protocol='range'}
2026-09-06T17:54:37.404+05:30  INFO 17172 --- [payment-service] [org.springframework.kafka.KafkaListenerEndpointContainer#0-0-C-1] o.a.k.c.c.internals.ConsumerCoordinator  : [Consumer clientId=consumer-payment-service-1, groupId=payment-service] Notifying assignor about the new Assignment(partitions=[inventory.reserved.v1-0])
2026-09-06T17:54:37.406+05:30  INFO 17172 --- [payment-service] [org.springframework.kafka.KafkaListenerEndpointContainer#0-0-C-1] k.c.c.i.ConsumerRebalanceListenerInvoker : [Consumer clientId=consumer-payment-service-1, groupId=payment-service] Adding newly assigned partitions: inventory.reserved.v1-0
2026-09-06T17:54:37.415+05:30  INFO 17172 --- [payment-service] [org.springframework.kafka.KafkaListenerEndpointContainer#0-0-C-1] o.a.k.c.c.internals.ConsumerUtils        : Setting offset for partition inventory.reserved.v1-0 to the committed offset FetchPosition{offset=5, offsetEpoch=Optional.empty, currentLeader=LeaderAndEpoch{leader=Optional[localhost:9092 (id: 1 rack: null)], epoch=0}}
2026-09-06T17:54:37.415+05:30  INFO 17172 --- [payment-service] [org.springframework.kafka.KafkaListenerEndpointContainer#0-0-C-1] o.s.k.l.KafkaMessageListenerContainer    : payment-service: partitions assigned: [inventory.reserved.v1-0]
2026-09-06T17:54:38.636+05:30  INFO 17172 --- [payment-service] [org.springframework.kafka.KafkaListenerEndpointContainer#0-0-C-1] c.r.c.p.messaging.PaymentProcessor       : payment.awaiting_razorpay_checkout orderId=69999f03-9e72-4a82-815e-96afee733d1d
2026-09-06T17:54:38.661+05:30  WARN 17172 --- [payment-service] [org.springframework.kafka.KafkaListenerEndpointContainer#0-0-C-1] o.h.engine.jdbc.spi.SqlExceptionHelper   : SQL Error: 0, SQLState: 23505
2026-09-06T17:54:38.661+05:30 ERROR 17172 --- [payment-service] [org.springframework.kafka.KafkaListenerEndpointContainer#0-0-C-1] o.h.engine.jdbc.spi.SqlExceptionHelper   : ERROR: duplicate key value violates unique constraint "payments_payment_id_key"
  Detail: Key (payment_id)=(pending) already exists.
2026-09-06T17:54:38.687+05:30  INFO 17172 --- [payment-service] [org.springframework.kafka.KafkaListenerEndpointContainer#0-0-C-1] o.a.k.c.c.i.ClassicKafkaConsumer         : [Consumer clientId=consumer-payment-service-1, groupId=payment-service] Seeking to offset 5 for partition inventory.reserved.v1-0
2026-09-06T17:54:38.688+05:30  INFO 17172 --- [payment-service] [org.springframework.kafka.KafkaListenerEndpointContainer#0-0-C-1] o.s.k.l.KafkaMessageListenerContainer    : Record in retry and not yet recovered
2026-09-06T17:54:38.893+05:30  INFO 17172 --- [payment-service] [org.springframework.kafka.KafkaListenerEndpointContainer#0-0-C-1] c.r.c.p.messaging.PaymentProcessor       : payment.awaiting_razorpay_checkout orderId=69999f03-9e72-4a82-815e-96afee733d1d
2026-09-06T17:54:38.896+05:30  WARN 17172 --- [payment-service] [org.springframework.kafka.KafkaListenerEndpointContainer#0-0-C-1] o.h.engine.jdbc.spi.SqlExceptionHelper   : SQL Error: 0, SQLState: 23505
2026-09-06T17:54:38.896+05:30 ERROR 17172 --- [payment-service] [org.springframework.kafka.KafkaListenerEndpointContainer#0-0-C-1] o.h.engine.jdbc.spi.SqlExceptionHelper   : ERROR: duplicate key value violates unique constraint "payments_payment_id_key"
  Detail: Key (payment_id)=(pending) already exists.
2026-09-06T17:54:38.920+05:30  INFO 17172 --- [payment-service] [org.springframework.kafka.KafkaListenerEndpointContainer#0-0-C-1] o.a.k.c.c.i.ClassicKafkaConsumer         : [Consumer clientId=consumer-payment-service-1, groupId=payment-service] Seeking to offset 5 for partition inventory.reserved.v1-0
2026-09-06T17:54:38.920+05:30  INFO 17172 --- [payment-service] [org.springframework.kafka.KafkaListenerEndpointContainer#0-0-C-1] o.s.k.l.KafkaMessageListenerContainer    : Record in retry and not yet recovered
2026-09-06T17:54:39.408+05:30  INFO 17172 --- [payment-service] [org.springframework.kafka.KafkaListenerEndpointContainer#0-0-C-1] c.r.c.p.messaging.PaymentProcessor       : payment.awaiting_razorpay_checkout orderId=69999f03-9e72-4a82-815e-96afee733d1d
2026-09-06T17:54:39.412+05:30  WARN 17172 --- [payment-service] [org.springframework.kafka.KafkaListenerEndpointContainer#0-0-C-1] o.h.engine.jdbc.spi.SqlExceptionHelper   : SQL Error: 0, SQLState: 23505
2026-09-06T17:54:39.412+05:30 ERROR 17172 --- [payment-service] [org.springframework.kafka.KafkaListenerEndpointContainer#0-0-C-1] o.h.engine.jdbc.spi.SqlExceptionHelper   : ERROR: duplicate key value violates unique constraint "payments_payment_id_key"
  Detail: Key (payment_id)=(pending) already exists.
2026-09-06T17:54:39.433+05:30  INFO 17172 --- [payment-service] [org.springframework.kafka.KafkaListenerEndpointContainer#0-0-C-1] o.a.k.c.c.i.ClassicKafkaConsumer         : [Consumer clientId=consumer-payment-service-1, groupId=payment-service] Seeking to offset 5 for partition inventory.reserved.v1-0
2026-09-06T17:54:39.433+05:30  INFO 17172 --- [payment-service] [org.springframework.kafka.KafkaListenerEndpointContainer#0-0-C-1] o.s.k.l.KafkaMessageListenerContainer    : Record in retry and not yet recovered
2026-09-06T17:54:40.120+05:30  INFO 17172 --- [payment-service] [org.springframework.kafka.KafkaListenerEndpointContainer#0-0-C-1] c.r.c.p.messaging.PaymentProcessor       : payment.awaiting_razorpay_checkout orderId=69999f03-9e72-4a82-815e-96afee733d1d
2026-09-06T17:54:40.124+05:30  WARN 17172 --- [payment-service] [org.springframework.kafka.KafkaListenerEndpointContainer#0-0-C-1] o.h.engine.jdbc.spi.SqlExceptionHelper   : SQL Error: 0, SQLState: 23505
2026-09-06T17:54:40.124+05:30 ERROR 17172 --- [payment-service] [org.springframework.kafka.KafkaListenerEndpointContainer#0-0-C-1] o.h.engine.jdbc.spi.SqlExceptionHelper   : ERROR: duplicate key value violates unique constraint "payments_payment_id_key"
  Detail: Key (payment_id)=(pending) already exists.
2026-09-06T17:54:40.150+05:30  INFO 17172 --- [payment-service] [org.springframework.kafka.KafkaListenerEndpointContainer#0-0-C-1] o.a.k.c.c.i.ClassicKafkaConsumer         : [Consumer clientId=consumer-payment-service-1, groupId=payment-service] Seeking to offset 5 for partition inventory.reserved.v1-0
2026-09-06T17:54:40.151+05:30  INFO 17172 --- [payment-service] [org.springframework.kafka.KafkaListenerEndpointContainer#0-0-C-1] o.s.k.l.KafkaMessageListenerContainer    : Record in retry and not yet recovered
2026-09-06T17:54:40.426+05:30  INFO 17172 --- [payment-service] [org.springframework.kafka.KafkaListenerEndpointContainer#0-0-C-1] c.r.c.p.messaging.PaymentProcessor       : payment.awaiting_razorpay_checkout orderId=69999f03-9e72-4a82-815e-96afee733d1d
2026-09-06T17:54:40.430+05:30  WARN 17172 --- [payment-service] [org.springframework.kafka.KafkaListenerEndpointContainer#0-0-C-1] o.h.engine.jdbc.spi.SqlExceptionHelper   : SQL Error: 0, SQLState: 23505
2026-09-06T17:54:40.430+05:30 ERROR 17172 --- [payment-service] [org.springframework.kafka.KafkaListenerEndpointContainer#0-0-C-1] o.h.engine.jdbc.spi.SqlExceptionHelper   : ERROR: duplicate key value violates unique constraint "payments_payment_id_key"
  Detail: Key (payment_id)=(pending) already exists.
2026-09-06T17:54:40.443+05:30  INFO 17172 --- [payment-service] [org.springframework.kafka.KafkaListenerEndpointContainer#0-0-C-1] o.a.k.c.c.i.ClassicKafkaConsumer         : [Consumer clientId=consumer-payment-service-1, groupId=payment-service] Seeking to offset 5 for partition inventory.reserved.v1-0
2026-09-06T17:54:40.443+05:30  INFO 17172 --- [payment-service] [org.springframework.kafka.KafkaListenerEndpointContainer#0-0-C-1] o.s.k.l.KafkaMessageListenerContainer    : Record in retry and not yet recovered
2026-09-06T17:54:41.043+05:30  INFO 17172 --- [payment-service] [org.springframework.kafka.KafkaListenerEndpointContainer#0-0-C-1] c.r.c.p.messaging.PaymentProcessor       : payment.awaiting_razorpay_checkout orderId=69999f03-9e72-4a82-815e-96afee733d1d
2026-09-06T17:54:41.045+05:30  WARN 17172 --- [payment-service] [org.springframework.kafka.KafkaListenerEndpointContainer#0-0-C-1] o.h.engine.jdbc.spi.SqlExceptionHelper   : SQL Error: 0, SQLState: 23505
2026-09-06T17:54:41.046+05:30 ERROR 17172 --- [payment-service] [org.springframework.kafka.KafkaListenerEndpointContainer#0-0-C-1] o.h.engine.jdbc.spi.SqlExceptionHelper   : ERROR: duplicate key value violates unique constraint "payments_payment_id_key"
  Detail: Key (payment_id)=(pending) already exists.
2026-09-06T17:54:41.065+05:30  INFO 17172 --- [payment-service] [org.springframework.kafka.KafkaListenerEndpointContainer#0-0-C-1] o.a.k.c.c.i.ClassicKafkaConsumer         : [Consumer clientId=consumer-payment-service-1, groupId=payment-service] Seeking to offset 5 for partition inventory.reserved.v1-0
2026-09-06T17:54:41.065+05:30  INFO 17172 --- [payment-service] [org.springframework.kafka.KafkaListenerEndpointContainer#0-0-C-1] o.s.k.l.KafkaMessageListenerContainer    : Record in retry and not yet recovered
2026-09-06T17:54:41.484+05:30  INFO 17172 --- [payment-service] [org.springframework.kafka.KafkaListenerEndpointContainer#0-0-C-1] c.r.c.p.messaging.PaymentProcessor       : payment.awaiting_razorpay_checkout orderId=69999f03-9e72-4a82-815e-96afee733d1d
2026-09-06T17:54:41.488+05:30  WARN 17172 --- [payment-service] [org.springframework.kafka.KafkaListenerEndpointContainer#0-0-C-1] o.h.engine.jdbc.spi.SqlExceptionHelper   : SQL Error: 0, SQLState: 23505
2026-09-06T17:54:41.488+05:30 ERROR 17172 --- [payment-service] [org.springframework.kafka.KafkaListenerEndpointContainer#0-0-C-1] o.h.engine.jdbc.spi.SqlExceptionHelper   : ERROR: duplicate key value violates unique constraint "payments_payment_id_key"
  Detail: Key (payment_id)=(pending) already exists.
2026-09-06T17:54:41.516+05:30  INFO 17172 --- [payment-service] [org.springframework.kafka.KafkaListenerEndpointContainer#0-0-C-1] o.a.k.c.c.i.ClassicKafkaConsumer         : [Consumer clientId=consumer-payment-service-1, groupId=payment-service] Seeking to offset 5 for partition inventory.reserved.v1-0
2026-09-06T17:54:41.516+05:30  INFO 17172 --- [payment-service] [org.springframework.kafka.KafkaListenerEndpointContainer#0-0-C-1] o.s.k.l.KafkaMessageListenerContainer    : Record in retry and not yet recovered
2026-09-06T17:54:42.016+05:30  INFO 17172 --- [payment-service] [org.springframework.kafka.KafkaListenerEndpointContainer#0-0-C-1] c.r.c.p.messaging.PaymentProcessor       : payment.awaiting_razorpay_checkout orderId=69999f03-9e72-4a82-815e-96afee733d1d
2026-09-06T17:54:42.018+05:30  WARN 17172 --- [payment-service] [org.springframework.kafka.KafkaListenerEndpointContainer#0-0-C-1] o.h.engine.jdbc.spi.SqlExceptionHelper   : SQL Error: 0, SQLState: 23505
2026-09-06T17:54:42.019+05:30 ERROR 17172 --- [payment-service] [org.springframework.kafka.KafkaListenerEndpointContainer#0-0-C-1] o.h.engine.jdbc.spi.SqlExceptionHelper   : ERROR: duplicate key value violates unique constraint "payments_payment_id_key"
  Detail: Key (payment_id)=(pending) already exists.
2026-09-06T17:54:42.043+05:30  INFO 17172 --- [payment-service] [org.springframework.kafka.KafkaListenerEndpointContainer#0-0-C-1] o.a.k.c.c.i.ClassicKafkaConsumer         : [Consumer clientId=consumer-payment-service-1, groupId=payment-service] Seeking to offset 5 for partition inventory.reserved.v1-0
2026-09-06T17:54:42.043+05:30  INFO 17172 --- [payment-service] [org.springframework.kafka.KafkaListenerEndpointContainer#0-0-C-1] o.s.k.l.KafkaMessageListenerContainer    : Record in retry and not yet recovered
2026-09-06T17:54:42.579+05:30  INFO 17172 --- [payment-service] [org.springframework.kafka.KafkaListenerEndpointContainer#0-0-C-1] c.r.c.p.messaging.PaymentProcessor       : payment.awaiting_razorpay_checkout orderId=69999f03-9e72-4a82-815e-96afee733d1d
2026-09-06T17:54:42.581+05:30  WARN 17172 --- [payment-service] [org.springframework.kafka.KafkaListenerEndpointContainer#0-0-C-1] o.h.engine.jdbc.spi.SqlExceptionHelper   : SQL Error: 0, SQLState: 23505
2026-09-06T17:54:42.581+05:30 ERROR 17172 --- [payment-service] [org.springframework.kafka.KafkaListenerEndpointContainer#0-0-C-1] o.h.engine.jdbc.spi.SqlExceptionHelper   : ERROR: duplicate key value violates unique constraint "payments_payment_id_key"
  Detail: Key (payment_id)=(pending) already exists.
2026-09-06T17:54:42.603+05:30  INFO 17172 --- [payment-service] [org.springframework.kafka.KafkaListenerEndpointContainer#0-0-C-1] o.a.k.c.c.i.ClassicKafkaConsumer         : [Consumer clientId=consumer-payment-service-1, groupId=payment-service] Seeking to offset 5 for partition inventory.reserved.v1-0
2026-09-06T17:54:42.603+05:30  INFO 17172 --- [payment-service] [org.springframework.kafka.KafkaListenerEndpointContainer#0-0-C-1] o.s.k.l.KafkaMessageListenerContainer    : Record in retry and not yet recovered
2026-09-06T17:54:43.194+05:30  INFO 17172 --- [payment-service] [org.springframework.kafka.KafkaListenerEndpointContainer#0-0-C-1] c.r.c.p.messaging.PaymentProcessor       : payment.awaiting_razorpay_checkout orderId=69999f03-9e72-4a82-815e-96afee733d1d
2026-09-06T17:54:43.197+05:30  WARN 17172 --- [payment-service] [org.springframework.kafka.KafkaListenerEndpointContainer#0-0-C-1] o.h.engine.jdbc.spi.SqlExceptionHelper   : SQL Error: 0, SQLState: 23505
2026-09-06T17:54:43.197+05:30 ERROR 17172 --- [payment-service] [org.springframework.kafka.KafkaListenerEndpointContainer#0-0-C-1] o.h.engine.jdbc.spi.SqlExceptionHelper   : ERROR: duplicate key value violates unique constraint "payments_payment_id_key"
  Detail: Key (payment_id)=(pending) already exists.
2026-09-06T17:54:43.203+05:30 ERROR 17172 --- [payment-service] [org.springframework.kafka.KafkaListenerEndpointContainer#0-0-C-1] o.s.kafka.listener.DefaultErrorHandler   : Backoff FixedBackOff{interval=0, currentAttempts=10, maxAttempts=9} exhausted for inventory.reserved.v1-0@5

org.springframework.kafka.listener.ListenerExecutionFailedException: Listener method 'void com.rishav.commerce.payment.messaging.PaymentProcessor.pay(com.rishav.commerce.events.InventoryReservedEvent)' threw exception
	at org.springframework.kafka.listener.KafkaMessageListenerContainer$ListenerConsumer.decorateException(KafkaMessageListenerContainer.java:3043) ~[spring-kafka-3.3.16.jar:3.3.16]
	at org.springframework.kafka.listener.KafkaMessageListenerContainer$ListenerConsumer.doInvokeOnMessage(KafkaMessageListenerContainer.java:2950) ~[spring-kafka-3.3.16.jar:3.3.16]
	at org.springframework.kafka.listener.KafkaMessageListenerContainer$ListenerConsumer.invokeOnMessage(KafkaMessageListenerContainer.java:2914) ~[spring-kafka-3.3.16.jar:3.3.16]
	at org.springframework.kafka.listener.KafkaMessageListenerContainer$ListenerConsumer.doInvokeRecordListener(KafkaMessageListenerContainer.java:2826) ~[spring-kafka-3.3.16.jar:3.3.16]
	at org.springframework.kafka.listener.KafkaMessageListenerContainer$ListenerConsumer.doInvokeWithRecords(KafkaMessageListenerContainer.java:2663) ~[spring-kafka-3.3.16.jar:3.3.16]
	at org.springframework.kafka.listener.KafkaMessageListenerContainer$ListenerConsumer.invokeRecordListener(KafkaMessageListenerContainer.java:2552) ~[spring-kafka-3.3.16.jar:3.3.16]
	at org.springframework.kafka.listener.KafkaMessageListenerContainer$ListenerConsumer.invokeListener(KafkaMessageListenerContainer.java:2201) ~[spring-kafka-3.3.16.jar:3.3.16]
	at org.springframework.kafka.listener.KafkaMessageListenerContainer$ListenerConsumer.invokeIfHaveRecords(KafkaMessageListenerContainer.java:1555) ~[spring-kafka-3.3.16.jar:3.3.16]
	at org.springframework.kafka.listener.KafkaMessageListenerContainer$ListenerConsumer.pollAndInvoke(KafkaMessageListenerContainer.java:1493) ~[spring-kafka-3.3.16.jar:3.3.16]
	at org.springframework.kafka.listener.KafkaMessageListenerContainer$ListenerConsumer.run(KafkaMessageListenerContainer.java:1362) ~[spring-kafka-3.3.16.jar:3.3.16]
	at java.base/java.util.concurrent.CompletableFuture$AsyncRun.run(CompletableFuture.java:1804) ~[na:na]
	at java.base/java.lang.Thread.run(Thread.java:1583) ~[na:na]
	Suppressed: org.springframework.kafka.listener.ListenerExecutionFailedException: Restored Stack Trace
		at org.springframework.kafka.listener.adapter.MessagingMessageListenerAdapter.invokeHandler(MessagingMessageListenerAdapter.java:490) ~[spring-kafka-3.3.16.jar:3.3.16]
		at org.springframework.kafka.listener.adapter.MessagingMessageListenerAdapter.invoke(MessagingMessageListenerAdapter.java:421) ~[spring-kafka-3.3.16.jar:3.3.16]
		at org.springframework.kafka.listener.adapter.RecordMessagingMessageListenerAdapter.onMessage(RecordMessagingMessageListenerAdapter.java:85) ~[spring-kafka-3.3.16.jar:3.3.16]
		at org.springframework.kafka.listener.adapter.RecordMessagingMessageListenerAdapter.onMessage(RecordMessagingMessageListenerAdapter.java:50) ~[spring-kafka-3.3.16.jar:3.3.16]
		at org.springframework.kafka.listener.KafkaMessageListenerContainer$ListenerConsumer.doInvokeOnMessage(KafkaMessageListenerContainer.java:2936) ~[spring-kafka-3.3.16.jar:3.3.16]
Caused by: org.springframework.dao.DataIntegrityViolationException: could not execute statement [ERROR: duplicate key value violates unique constraint "payments_payment_id_key"
  Detail: Key (payment_id)=(pending) already exists.] [insert into payments (payment_id,razorpay_order_id,status,order_id) values (?,?,?,?)]; SQL [insert into payments (payment_id,razorpay_order_id,status,order_id) values (?,?,?,?)]; constraint [payments_payment_id_key]
	at org.springframework.orm.jpa.vendor.HibernateJpaDialect.convertHibernateAccessException(HibernateJpaDialect.java:294) ~[spring-orm-6.2.19.jar:6.2.19]
	at org.springframework.orm.jpa.vendor.HibernateJpaDialect.convertHibernateAccessException(HibernateJpaDialect.java:256) ~[spring-orm-6.2.19.jar:6.2.19]
	at org.springframework.orm.jpa.vendor.HibernateJpaDialect.translateExceptionIfPossible(HibernateJpaDialect.java:241) ~[spring-orm-6.2.19.jar:6.2.19]
	at org.springframework.orm.jpa.JpaTransactionManager.doCommit(JpaTransactionManager.java:567) ~[spring-orm-6.2.19.jar:6.2.19]
	at org.springframework.transaction.support.AbstractPlatformTransactionManager.processCommit(AbstractPlatformTransactionManager.java:795) ~[spring-tx-6.2.19.jar:6.2.19]
	at org.springframework.transaction.support.AbstractPlatformTransactionManager.commit(AbstractPlatformTransactionManager.java:758) ~[spring-tx-6.2.19.jar:6.2.19]
	at org.springframework.transaction.interceptor.TransactionAspectSupport.commitTransactionAfterReturning(TransactionAspectSupport.java:698) ~[spring-tx-6.2.19.jar:6.2.19]
	at org.springframework.transaction.interceptor.TransactionAspectSupport.invokeWithinTransaction(TransactionAspectSupport.java:416) ~[spring-tx-6.2.19.jar:6.2.19]
	at org.springframework.transaction.interceptor.TransactionInterceptor.invoke(TransactionInterceptor.java:119) ~[spring-tx-6.2.19.jar:6.2.19]
	at org.springframework.aop.framework.ReflectiveMethodInvocation.proceed(ReflectiveMethodInvocation.java:184) ~[spring-aop-6.2.19.jar:6.2.19]
	at org.springframework.aop.framework.CglibAopProxy$DynamicAdvisedInterceptor.intercept(CglibAopProxy.java:728) ~[spring-aop-6.2.19.jar:6.2.19]
	at com.rishav.commerce.payment.messaging.PaymentProcessor$$SpringCGLIB$$0.pay(<generated>) ~[main/:na]
	at java.base/jdk.internal.reflect.DirectMethodHandleAccessor.invoke(DirectMethodHandleAccessor.java:103) ~[na:na]
	at java.base/java.lang.reflect.Method.invoke(Method.java:580) ~[na:na]
	at org.springframework.messaging.handler.invocation.InvocableHandlerMethod.doInvoke(InvocableHandlerMethod.java:169) ~[spring-messaging-6.2.19.jar:6.2.19]
	at org.springframework.kafka.listener.adapter.KotlinAwareInvocableHandlerMethod.doInvoke(KotlinAwareInvocableHandlerMethod.java:45) ~[spring-kafka-3.3.16.jar:3.3.16]
	at org.springframework.messaging.handler.invocation.InvocableHandlerMethod.invoke(InvocableHandlerMethod.java:119) ~[spring-messaging-6.2.19.jar:6.2.19]
	at org.springframework.kafka.listener.adapter.HandlerAdapter.invoke(HandlerAdapter.java:78) ~[spring-kafka-3.3.16.jar:3.3.16]
	at org.springframework.kafka.listener.adapter.MessagingMessageListenerAdapter.invokeHandler(MessagingMessageListenerAdapter.java:475) ~[spring-kafka-3.3.16.jar:3.3.16]
	at org.springframework.kafka.listener.adapter.MessagingMessageListenerAdapter.invoke(MessagingMessageListenerAdapter.java:421) ~[spring-kafka-3.3.16.jar:3.3.16]
	at org.springframework.kafka.listener.adapter.RecordMessagingMessageListenerAdapter.onMessage(RecordMessagingMessageListenerAdapter.java:85) ~[spring-kafka-3.3.16.jar:3.3.16]
	at org.springframework.kafka.listener.adapter.RecordMessagingMessageListenerAdapter.onMessage(RecordMessagingMessageListenerAdapter.java:50) ~[spring-kafka-3.3.16.jar:3.3.16]
	at org.springframework.kafka.listener.KafkaMessageListenerContainer$ListenerConsumer.doInvokeOnMessage(KafkaMessageListenerContainer.java:2936) ~[spring-kafka-3.3.16.jar:3.3.16]
	... 10 common frames omitted
Caused by: org.hibernate.exception.ConstraintViolationException: could not execute statement [ERROR: duplicate key value violates unique constraint "payments_payment_id_key"
  Detail: Key (payment_id)=(pending) already exists.] [insert into payments (payment_id,razorpay_order_id,status,order_id) values (?,?,?,?)]
	at org.hibernate.exception.internal.SQLStateConversionDelegate.convert(SQLStateConversionDelegate.java:97) ~[hibernate-core-6.6.53.Final.jar:6.6.53.Final]
	at org.hibernate.exception.internal.StandardSQLExceptionConverter.convert(StandardSQLExceptionConverter.java:58) ~[hibernate-core-6.6.53.Final.jar:6.6.53.Final]
	at org.hibernate.engine.jdbc.spi.SqlExceptionHelper.convert(SqlExceptionHelper.java:108) ~[hibernate-core-6.6.53.Final.jar:6.6.53.Final]
	at org.hibernate.engine.jdbc.internal.ResultSetReturnImpl.executeUpdate(ResultSetReturnImpl.java:197) ~[hibernate-core-6.6.53.Final.jar:6.6.53.Final]
	at org.hibernate.engine.jdbc.mutation.internal.AbstractMutationExecutor.performNonBatchedMutation(AbstractMutationExecutor.java:134) ~[hibernate-core-6.6.53.Final.jar:6.6.53.Final]
	at org.hibernate.engine.jdbc.mutation.internal.MutationExecutorSingleNonBatched.performNonBatchedOperations(MutationExecutorSingleNonBatched.java:55) ~[hibernate-core-6.6.53.Final.jar:6.6.53.Final]
	at org.hibernate.engine.jdbc.mutation.internal.AbstractMutationExecutor.execute(AbstractMutationExecutor.java:55) ~[hibernate-core-6.6.53.Final.jar:6.6.53.Final]
	at org.hibernate.persister.entity.mutation.InsertCoordinatorStandard.doStaticInserts(InsertCoordinatorStandard.java:194) ~[hibernate-core-6.6.53.Final.jar:6.6.53.Final]
	at org.hibernate.persister.entity.mutation.InsertCoordinatorStandard.coordinateInsert(InsertCoordinatorStandard.java:132) ~[hibernate-core-6.6.53.Final.jar:6.6.53.Final]
	at org.hibernate.persister.entity.mutation.InsertCoordinatorStandard.insert(InsertCoordinatorStandard.java:104) ~[hibernate-core-6.6.53.Final.jar:6.6.53.Final]
	at org.hibernate.action.internal.EntityInsertAction.execute(EntityInsertAction.java:110) ~[hibernate-core-6.6.53.Final.jar:6.6.53.Final]
	at org.hibernate.engine.spi.ActionQueue.executeActions(ActionQueue.java:644) ~[hibernate-core-6.6.53.Final.jar:6.6.53.Final]
	at org.hibernate.engine.spi.ActionQueue.executeActions(ActionQueue.java:511) ~[hibernate-core-6.6.53.Final.jar:6.6.53.Final]
	at org.hibernate.event.internal.AbstractFlushingEventListener.performExecutions(AbstractFlushingEventListener.java:414) ~[hibernate-core-6.6.53.Final.jar:6.6.53.Final]
	at org.hibernate.event.internal.DefaultFlushEventListener.onFlush(DefaultFlushEventListener.java:41) ~[hibernate-core-6.6.53.Final.jar:6.6.53.Final]
	at org.hibernate.event.service.internal.EventListenerGroupImpl.fireEventOnEachListener(EventListenerGroupImpl.java:127) ~[hibernate-core-6.6.53.Final.jar:6.6.53.Final]
	at org.hibernate.internal.SessionImpl.doFlush(SessionImpl.java:1429) ~[hibernate-core-6.6.53.Final.jar:6.6.53.Final]
	at org.hibernate.internal.SessionImpl.managedFlush(SessionImpl.java:491) ~[hibernate-core-6.6.53.Final.jar:6.6.53.Final]
	at org.hibernate.internal.SessionImpl.flushBeforeTransactionCompletion(SessionImpl.java:2354) ~[hibernate-core-6.6.53.Final.jar:6.6.53.Final]
	at org.hibernate.internal.SessionImpl.beforeTransactionCompletion(SessionImpl.java:1978) ~[hibernate-core-6.6.53.Final.jar:6.6.53.Final]
	at org.hibernate.engine.jdbc.internal.JdbcCoordinatorImpl.beforeTransactionCompletion(JdbcCoordinatorImpl.java:439) ~[hibernate-core-6.6.53.Final.jar:6.6.53.Final]
	at org.hibernate.resource.transaction.backend.jdbc.internal.JdbcResourceLocalTransactionCoordinatorImpl.beforeCompletionCallback(JdbcResourceLocalTransactionCoordinatorImpl.java:169) ~[hibernate-core-6.6.53.Final.jar:6.6.53.Final]
	at org.hibernate.resource.transaction.backend.jdbc.internal.JdbcResourceLocalTransactionCoordinatorImpl$TransactionDriverControlImpl.commit(JdbcResourceLocalTransactionCoordinatorImpl.java:267) ~[hibernate-core-6.6.53.Final.jar:6.6.53.Final]
	at org.hibernate.engine.transaction.internal.TransactionImpl.commit(TransactionImpl.java:101) ~[hibernate-core-6.6.53.Final.jar:6.6.53.Final]
	at org.springframework.orm.jpa.JpaTransactionManager.doCommit(JpaTransactionManager.java:563) ~[spring-orm-6.2.19.jar:6.2.19]
	... 29 common frames omitted
Caused by: org.postgresql.util.PSQLException: ERROR: duplicate key value violates unique constraint "payments_payment_id_key"
  Detail: Key (payment_id)=(pending) already exists.
	at org.postgresql.core.v3.QueryExecutorImpl.receiveErrorResponse(QueryExecutorImpl.java:2904) ~[postgresql-42.7.11.jar:42.7.11]
	at org.postgresql.core.v3.QueryExecutorImpl.processResults(QueryExecutorImpl.java:2589) ~[postgresql-42.7.11.jar:42.7.11]
	at org.postgresql.core.v3.QueryExecutorImpl.execute(QueryExecutorImpl.java:431) ~[postgresql-42.7.11.jar:42.7.11]
	at org.postgresql.jdbc.PgStatement.executeInternal(PgStatement.java:534) ~[postgresql-42.7.11.jar:42.7.11]
	at org.postgresql.jdbc.PgStatement.execute(PgStatement.java:437) ~[postgresql-42.7.11.jar:42.7.11]
	at org.postgresql.jdbc.PgPreparedStatement.executeWithFlags(PgPreparedStatement.java:196) ~[postgresql-42.7.11.jar:42.7.11]
	at org.postgresql.jdbc.PgPreparedStatement.executeUpdate(PgPreparedStatement.java:157) ~[postgresql-42.7.11.jar:42.7.11]
	at com.zaxxer.hikari.pool.ProxyPreparedStatement.executeUpdate(ProxyPreparedStatement.java:61) ~[HikariCP-6.3.3.jar:na]
	at com.zaxxer.hikari.pool.HikariProxyPreparedStatement.executeUpdate(HikariProxyPreparedStatement.java) ~[HikariCP-6.3.3.jar:na]
	at org.hibernate.engine.jdbc.internal.ResultSetReturnImpl.executeUpdate(ResultSetReturnImpl.java:194) ~[hibernate-core-6.6.53.Final.jar:6.6.53.Final]
	... 50 common frames omitted

2026-09-06T17:58:31.339+05:30  INFO 39076 --- [payment-service] [main] c.r.c.payment.PaymentServiceApplication  : Starting PaymentServiceApplication using Java 21.0.4 with PID 39076 (F:\JAVAPROJECT1\backend\payment-service\build\classes\java\main started by Rishav in F:\JAVAPROJECT1\backend\payment-service)
2026-09-06T17:58:31.340+05:30  INFO 39076 --- [payment-service] [main] c.r.c.payment.PaymentServiceApplication  : No active profile set, falling back to 1 default profile: "default"
2026-09-06T17:58:32.075+05:30  INFO 39076 --- [payment-service] [main] .s.d.r.c.RepositoryConfigurationDelegate : Bootstrapping Spring Data JPA repositories in DEFAULT mode.
2026-09-06T17:58:32.122+05:30  INFO 39076 --- [payment-service] [main] .s.d.r.c.RepositoryConfigurationDelegate : Finished Spring Data repository scanning in 39 ms. Found 1 JPA repository interface.
2026-09-06T17:58:32.498+05:30  INFO 39076 --- [payment-service] [main] o.s.b.w.embedded.tomcat.TomcatWebServer  : Tomcat initialized with port 8085 (http)
2026-09-06T17:58:32.513+05:30  INFO 39076 --- [payment-service] [main] o.apache.catalina.core.StandardService   : Starting service [Tomcat]
2026-09-06T17:58:32.514+05:30  INFO 39076 --- [payment-service] [main] o.apache.catalina.core.StandardEngine    : Starting Servlet engine: [Apache Tomcat/10.1.55]
2026-09-06T17:58:32.598+05:30  INFO 39076 --- [payment-service] [main] o.a.c.c.C.[Tomcat].[localhost].[/]       : Initializing Spring embedded WebApplicationContext
2026-09-06T17:58:32.599+05:30  INFO 39076 --- [payment-service] [main] w.s.c.ServletWebServerApplicationContext : Root WebApplicationContext: initialization completed in 1226 ms
2026-09-06T17:58:32.931+05:30  INFO 39076 --- [payment-service] [main] com.zaxxer.hikari.HikariDataSource       : HikariPool-1 - Starting...
2026-09-06T17:58:33.049+05:30  INFO 39076 --- [payment-service] [main] com.zaxxer.hikari.pool.HikariPool        : HikariPool-1 - Added connection org.postgresql.jdbc.PgConnection@1c72189f
2026-09-06T17:58:33.051+05:30  INFO 39076 --- [payment-service] [main] com.zaxxer.hikari.HikariDataSource       : HikariPool-1 - Start completed.
2026-09-06T17:58:33.076+05:30  INFO 39076 --- [payment-service] [main] org.flywaydb.core.FlywayExecutor         : Database: jdbc:postgresql://127.0.0.1:5433/payment_db (PostgreSQL 17.11)
2026-09-06T17:58:33.126+05:30  INFO 39076 --- [payment-service] [main] o.f.core.internal.command.DbValidate     : Successfully validated 2 migrations (execution time 00:00.026s)
2026-09-06T17:58:33.167+05:30  INFO 39076 --- [payment-service] [main] o.f.core.internal.command.DbMigrate      : Current version of schema "public": 2
2026-09-06T17:58:33.170+05:30  INFO 39076 --- [payment-service] [main] o.f.core.internal.command.DbMigrate      : Schema "public" is up to date. No migration necessary.
2026-09-06T17:58:33.236+05:30  INFO 39076 --- [payment-service] [main] o.hibernate.jpa.internal.util.LogHelper  : HHH000204: Processing PersistenceUnitInfo [name: default]
2026-09-06T17:58:33.272+05:30  INFO 39076 --- [payment-service] [main] org.hibernate.Version                    : HHH000412: Hibernate ORM core version 6.6.53.Final
2026-09-06T17:58:33.303+05:30  INFO 39076 --- [payment-service] [main] o.h.c.internal.RegionFactoryInitiator    : HHH000026: Second-level cache disabled
2026-09-06T17:58:33.550+05:30  INFO 39076 --- [payment-service] [main] o.s.o.j.p.SpringPersistenceUnitInfo      : No LoadTimeWeaver setup: ignoring JPA class transformer
2026-09-06T17:58:33.616+05:30  INFO 39076 --- [payment-service] [main] org.hibernate.orm.connections.pooling    : HHH10001005: Database info:
	Database JDBC URL [Connecting through datasource 'HikariDataSource (HikariPool-1)']
	Database driver: undefined/unknown
	Database version: 17.11
	Autocommit mode: undefined/unknown
	Isolation level: undefined/unknown
	Minimum pool size: undefined/unknown
	Maximum pool size: undefined/unknown
2026-09-06T17:58:34.617+05:30  INFO 39076 --- [payment-service] [main] o.h.e.t.j.p.i.JtaPlatformInitiator       : HHH000489: No JTA platform available (set 'hibernate.transaction.jta.platform' to enable JTA platform integration)
2026-09-06T17:58:34.667+05:30  INFO 39076 --- [payment-service] [main] j.LocalContainerEntityManagerFactoryBean : Initialized JPA EntityManagerFactory for persistence unit 'default'
2026-09-06T17:58:35.232+05:30  WARN 39076 --- [payment-service] [main] JpaBaseConfiguration$JpaWebConfiguration : spring.jpa.open-in-view is enabled by default. Therefore, database queries may be performed during view rendering. Explicitly configure spring.jpa.open-in-view to disable this warning
2026-09-06T17:58:35.849+05:30  INFO 39076 --- [payment-service] [main] o.s.b.a.e.web.EndpointLinksResolver      : Exposing 4 endpoints beneath base path '/actuator'
2026-09-06T17:58:35.973+05:30  INFO 39076 --- [payment-service] [main] o.s.b.w.embedded.tomcat.TomcatWebServer  : Tomcat started on port 8085 (http) with context path '/'
2026-09-06T17:58:36.026+05:30  INFO 39076 --- [payment-service] [main] o.a.k.clients.consumer.ConsumerConfig    : ConsumerConfig values: 
	allow.auto.create.topics = true
	auto.commit.interval.ms = 5000
	auto.include.jmx.reporter = true
	auto.offset.reset = latest
	bootstrap.servers = [localhost:9092]
	check.crcs = true
	client.dns.lookup = use_all_dns_ips
	client.id = consumer-payment-service-1
	client.rack = 
	connections.max.idle.ms = 540000
	default.api.timeout.ms = 60000
	enable.auto.commit = false
	enable.metrics.push = true
	exclude.internal.topics = true
	fetch.max.bytes = 52428800
	fetch.max.wait.ms = 500
	fetch.min.bytes = 1
	group.id = payment-service
	group.instance.id = null
	group.protocol = classic
	group.remote.assignor = null
	heartbeat.interval.ms = 3000
	interceptor.classes = []
	internal.leave.group.on.close = true
	internal.throw.on.fetch.stable.offset.unsupported = false
	isolation.level = read_uncommitted
	key.deserializer = class org.apache.kafka.common.serialization.StringDeserializer
	max.partition.fetch.bytes = 1048576
	max.poll.interval.ms = 300000
	max.poll.records = 500
	metadata.max.age.ms = 300000
	metadata.recovery.strategy = none
	metric.reporters = []
	metrics.num.samples = 2
	metrics.recording.level = INFO
	metrics.sample.window.ms = 30000
	partition.assignment.strategy = [class org.apache.kafka.clients.consumer.RangeAssignor, class org.apache.kafka.clients.consumer.CooperativeStickyAssignor]
	receive.buffer.bytes = 65536
	reconnect.backoff.max.ms = 1000
	reconnect.backoff.ms = 50
	request.timeout.ms = 30000
	retry.backoff.max.ms = 1000
	retry.backoff.ms = 100
	sasl.client.callback.handler.class = null
	sasl.jaas.config = null
	sasl.kerberos.kinit.cmd = /usr/bin/kinit
	sasl.kerberos.min.time.before.relogin = 60000
	sasl.kerberos.service.name = null
	sasl.kerberos.ticket.renew.jitter = 0.05
	sasl.kerberos.ticket.renew.window.factor = 0.8
	sasl.login.callback.handler.class = null
	sasl.login.class = null
	sasl.login.connect.timeout.ms = null
	sasl.login.read.timeout.ms = null
	sasl.login.refresh.buffer.seconds = 300
	sasl.login.refresh.min.period.seconds = 60
	sasl.login.refresh.window.factor = 0.8
	sasl.login.refresh.window.jitter = 0.05
	sasl.login.retry.backoff.max.ms = 10000
	sasl.login.retry.backoff.ms = 100
	sasl.mechanism = GSSAPI
	sasl.oauthbearer.clock.skew.seconds = 30
	sasl.oauthbearer.expected.audience = null
	sasl.oauthbearer.expected.issuer = null
	sasl.oauthbearer.header.urlencode = false
	sasl.oauthbearer.jwks.endpoint.refresh.ms = 3600000
	sasl.oauthbearer.jwks.endpoint.retry.backoff.max.ms = 10000
	sasl.oauthbearer.jwks.endpoint.retry.backoff.ms = 100
	sasl.oauthbearer.jwks.endpoint.url = null
	sasl.oauthbearer.scope.claim.name = scope
	sasl.oauthbearer.sub.claim.name = sub
	sasl.oauthbearer.token.endpoint.url = null
	security.protocol = PLAINTEXT
	security.providers = null
	send.buffer.bytes = 131072
	session.timeout.ms = 45000
	socket.connection.setup.timeout.max.ms = 30000
	socket.connection.setup.timeout.ms = 10000
	ssl.cipher.suites = null
	ssl.enabled.protocols = [TLSv1.2, TLSv1.3]
	ssl.endpoint.identification.algorithm = https
	ssl.engine.factory.class = null
	ssl.key.password = null
	ssl.keymanager.algorithm = SunX509
	ssl.keystore.certificate.chain = null
	ssl.keystore.key = null
	ssl.keystore.location = null
	ssl.keystore.password = null
	ssl.keystore.type = JKS
	ssl.protocol = TLSv1.3
	ssl.provider = null
	ssl.secure.random.implementation = null
	ssl.trustmanager.algorithm = PKIX
	ssl.truststore.certificates = null
	ssl.truststore.location = null
	ssl.truststore.password = null
	ssl.truststore.type = JKS
	value.deserializer = class org.springframework.kafka.support.serializer.JsonDeserializer

2026-09-06T17:58:36.081+05:30  INFO 39076 --- [payment-service] [main] o.a.k.c.t.i.KafkaMetricsCollector        : initializing Kafka metrics collector
2026-09-06T17:58:36.291+05:30  INFO 39076 --- [payment-service] [main] o.a.kafka.common.utils.AppInfoParser     : Kafka version: 3.9.2
2026-09-06T17:58:36.291+05:30  INFO 39076 --- [payment-service] [main] o.a.kafka.common.utils.AppInfoParser     : Kafka commitId: 5e9866f43ab8e7e4
2026-09-06T17:58:36.291+05:30  INFO 39076 --- [payment-service] [main] o.a.kafka.common.utils.AppInfoParser     : Kafka startTimeMs: 1788697716288
2026-09-06T17:58:36.318+05:30  INFO 39076 --- [payment-service] [main] o.a.k.c.c.i.ClassicKafkaConsumer         : [Consumer clientId=consumer-payment-service-1, groupId=payment-service] Subscribed to topic(s): inventory.reserved.v1
2026-09-06T17:58:36.357+05:30  INFO 39076 --- [payment-service] [main] c.r.c.payment.PaymentServiceApplication  : Started PaymentServiceApplication in 5.441 seconds (process running for 5.701)
2026-09-06T17:58:36.531+05:30  INFO 39076 --- [payment-service] [http-nio-8085-exec-1] o.a.c.c.C.[Tomcat].[localhost].[/]       : Initializing Spring DispatcherServlet 'dispatcherServlet'
2026-09-06T17:58:36.532+05:30  INFO 39076 --- [payment-service] [http-nio-8085-exec-1] o.s.web.servlet.DispatcherServlet        : Initializing Servlet 'dispatcherServlet'
2026-09-06T17:58:36.533+05:30  INFO 39076 --- [payment-service] [http-nio-8085-exec-1] o.s.web.servlet.DispatcherServlet        : Completed initialization in 1 ms
2026-09-06T17:58:36.825+05:30  INFO 39076 --- [payment-service] [org.springframework.kafka.KafkaListenerEndpointContainer#0-0-C-1] org.apache.kafka.clients.Metadata        : [Consumer clientId=consumer-payment-service-1, groupId=payment-service] Cluster ID: 5L6g3nShT-eMCtK--X86sw
2026-09-06T17:58:36.825+05:30  INFO 39076 --- [payment-service] [org.springframework.kafka.KafkaListenerEndpointContainer#0-0-C-1] o.a.k.c.c.internals.ConsumerCoordinator  : [Consumer clientId=consumer-payment-service-1, groupId=payment-service] Discovered group coordinator localhost:9092 (id: 2147483646 rack: null)
2026-09-06T17:58:36.827+05:30  INFO 39076 --- [payment-service] [org.springframework.kafka.KafkaListenerEndpointContainer#0-0-C-1] o.a.k.c.c.internals.ConsumerCoordinator  : [Consumer clientId=consumer-payment-service-1, groupId=payment-service] (Re-)joining group
2026-09-06T17:58:36.844+05:30  INFO 39076 --- [payment-service] [org.springframework.kafka.KafkaListenerEndpointContainer#0-0-C-1] o.a.k.c.c.internals.ConsumerCoordinator  : [Consumer clientId=consumer-payment-service-1, groupId=payment-service] Request joining group due to: need to re-join with the given member-id: consumer-payment-service-1-bb303da4-cb21-47c3-a5f8-c38b0849b758
2026-09-06T17:58:36.844+05:30  INFO 39076 --- [payment-service] [org.springframework.kafka.KafkaListenerEndpointContainer#0-0-C-1] o.a.k.c.c.internals.ConsumerCoordinator  : [Consumer clientId=consumer-payment-service-1, groupId=payment-service] (Re-)joining group
2026-09-06T17:59:14.332+05:30  INFO 39076 --- [payment-service] [org.springframework.kafka.KafkaListenerEndpointContainer#0-0-C-1] o.a.k.c.c.internals.ConsumerCoordinator  : [Consumer clientId=consumer-payment-service-1, groupId=payment-service] Successfully joined group with generation Generation{generationId=6, memberId='consumer-payment-service-1-bb303da4-cb21-47c3-a5f8-c38b0849b758', protocol='range'}
2026-09-06T17:59:14.337+05:30  INFO 39076 --- [payment-service] [org.springframework.kafka.KafkaListenerEndpointContainer#0-0-C-1] o.a.k.c.c.internals.ConsumerCoordinator  : [Consumer clientId=consumer-payment-service-1, groupId=payment-service] Finished assignment for group at generation 6: {consumer-payment-service-1-bb303da4-cb21-47c3-a5f8-c38b0849b758=Assignment(partitions=[inventory.reserved.v1-0])}
2026-09-06T17:59:14.345+05:30  INFO 39076 --- [payment-service] [org.springframework.kafka.KafkaListenerEndpointContainer#0-0-C-1] o.a.k.c.c.internals.ConsumerCoordinator  : [Consumer clientId=consumer-payment-service-1, groupId=payment-service] Successfully synced group in generation Generation{generationId=6, memberId='consumer-payment-service-1-bb303da4-cb21-47c3-a5f8-c38b0849b758', protocol='range'}
2026-09-06T17:59:14.346+05:30  INFO 39076 --- [payment-service] [org.springframework.kafka.KafkaListenerEndpointContainer#0-0-C-1] o.a.k.c.c.internals.ConsumerCoordinator  : [Consumer clientId=consumer-payment-service-1, groupId=payment-service] Notifying assignor about the new Assignment(partitions=[inventory.reserved.v1-0])
2026-09-06T17:59:14.348+05:30  INFO 39076 --- [payment-service] [org.springframework.kafka.KafkaListenerEndpointContainer#0-0-C-1] k.c.c.i.ConsumerRebalanceListenerInvoker : [Consumer clientId=consumer-payment-service-1, groupId=payment-service] Adding newly assigned partitions: inventory.reserved.v1-0
2026-09-06T17:59:14.357+05:30  INFO 39076 --- [payment-service] [org.springframework.kafka.KafkaListenerEndpointContainer#0-0-C-1] o.a.k.c.c.internals.ConsumerUtils        : Setting offset for partition inventory.reserved.v1-0 to the committed offset FetchPosition{offset=6, offsetEpoch=Optional.empty, currentLeader=LeaderAndEpoch{leader=Optional[localhost:9092 (id: 1 rack: null)], epoch=0}}
2026-09-06T17:59:14.358+05:30  INFO 39076 --- [payment-service] [org.springframework.kafka.KafkaListenerEndpointContainer#0-0-C-1] o.s.k.l.KafkaMessageListenerContainer    : payment-service: partitions assigned: [inventory.reserved.v1-0]
2026-09-06T17:59:21.869+05:30  INFO 39076 --- [payment-service] [org.springframework.kafka.KafkaListenerEndpointContainer#0-0-C-1] c.r.c.p.messaging.PaymentProcessor       : payment.awaiting_razorpay_checkout orderId=ee198551-8b6b-49f4-adb4-abe1d83ddff4
2026-09-06T17:59:21.902+05:30  WARN 39076 --- [payment-service] [org.springframework.kafka.KafkaListenerEndpointContainer#0-0-C-1] o.h.engine.jdbc.spi.SqlExceptionHelper   : SQL Error: 0, SQLState: 23505
2026-09-06T17:59:21.903+05:30 ERROR 39076 --- [payment-service] [org.springframework.kafka.KafkaListenerEndpointContainer#0-0-C-1] o.h.engine.jdbc.spi.SqlExceptionHelper   : ERROR: duplicate key value violates unique constraint "payments_payment_id_key"
  Detail: Key (payment_id)=(pending) already exists.
2026-09-06T17:59:21.932+05:30  INFO 39076 --- [payment-service] [org.springframework.kafka.KafkaListenerEndpointContainer#0-0-C-1] o.a.k.c.c.i.ClassicKafkaConsumer         : [Consumer clientId=consumer-payment-service-1, groupId=payment-service] Seeking to offset 6 for partition inventory.reserved.v1-0
2026-09-06T17:59:21.933+05:30  INFO 39076 --- [payment-service] [org.springframework.kafka.KafkaListenerEndpointContainer#0-0-C-1] o.s.k.l.KafkaMessageListenerContainer    : Record in retry and not yet recovered
2026-09-06T17:59:22.128+05:30  INFO 39076 --- [payment-service] [org.springframework.kafka.KafkaListenerEndpointContainer#0-0-C-1] c.r.c.p.messaging.PaymentProcessor       : payment.awaiting_razorpay_checkout orderId=ee198551-8b6b-49f4-adb4-abe1d83ddff4
2026-09-06T17:59:22.131+05:30  WARN 39076 --- [payment-service] [org.springframework.kafka.KafkaListenerEndpointContainer#0-0-C-1] o.h.engine.jdbc.spi.SqlExceptionHelper   : SQL Error: 0, SQLState: 23505
2026-09-06T17:59:22.131+05:30 ERROR 39076 --- [payment-service] [org.springframework.kafka.KafkaListenerEndpointContainer#0-0-C-1] o.h.engine.jdbc.spi.SqlExceptionHelper   : ERROR: duplicate key value violates unique constraint "payments_payment_id_key"
  Detail: Key (payment_id)=(pending) already exists.
2026-09-06T17:59:22.149+05:30  INFO 39076 --- [payment-service] [org.springframework.kafka.KafkaListenerEndpointContainer#0-0-C-1] o.a.k.c.c.i.ClassicKafkaConsumer         : [Consumer clientId=consumer-payment-service-1, groupId=payment-service] Seeking to offset 6 for partition inventory.reserved.v1-0
2026-09-06T17:59:22.149+05:30  INFO 39076 --- [payment-service] [org.springframework.kafka.KafkaListenerEndpointContainer#0-0-C-1] o.s.k.l.KafkaMessageListenerContainer    : Record in retry and not yet recovered
2026-09-06T17:59:22.638+05:30  INFO 39076 --- [payment-service] [org.springframework.kafka.KafkaListenerEndpointContainer#0-0-C-1] c.r.c.p.messaging.PaymentProcessor       : payment.awaiting_razorpay_checkout orderId=ee198551-8b6b-49f4-adb4-abe1d83ddff4
2026-09-06T17:59:22.640+05:30  WARN 39076 --- [payment-service] [org.springframework.kafka.KafkaListenerEndpointContainer#0-0-C-1] o.h.engine.jdbc.spi.SqlExceptionHelper   : SQL Error: 0, SQLState: 23505
2026-09-06T17:59:22.641+05:30 ERROR 39076 --- [payment-service] [org.springframework.kafka.KafkaListenerEndpointContainer#0-0-C-1] o.h.engine.jdbc.spi.SqlExceptionHelper   : ERROR: duplicate key value violates unique constraint "payments_payment_id_key"
  Detail: Key (payment_id)=(pending) already exists.
2026-09-06T17:59:22.663+05:30  INFO 39076 --- [payment-service] [org.springframework.kafka.KafkaListenerEndpointContainer#0-0-C-1] o.a.k.c.c.i.ClassicKafkaConsumer         : [Consumer clientId=consumer-payment-service-1, groupId=payment-service] Seeking to offset 6 for partition inventory.reserved.v1-0
2026-09-06T17:59:22.664+05:30  INFO 39076 --- [payment-service] [org.springframework.kafka.KafkaListenerEndpointContainer#0-0-C-1] o.s.k.l.KafkaMessageListenerContainer    : Record in retry and not yet recovered
2026-09-06T17:59:23.150+05:30  INFO 39076 --- [payment-service] [org.springframework.kafka.KafkaListenerEndpointContainer#0-0-C-1] c.r.c.p.messaging.PaymentProcessor       : payment.awaiting_razorpay_checkout orderId=ee198551-8b6b-49f4-adb4-abe1d83ddff4
2026-09-06T17:59:23.152+05:30  WARN 39076 --- [payment-service] [org.springframework.kafka.KafkaListenerEndpointContainer#0-0-C-1] o.h.engine.jdbc.spi.SqlExceptionHelper   : SQL Error: 0, SQLState: 23505
2026-09-06T17:59:23.152+05:30 ERROR 39076 --- [payment-service] [org.springframework.kafka.KafkaListenerEndpointContainer#0-0-C-1] o.h.engine.jdbc.spi.SqlExceptionHelper   : ERROR: duplicate key value violates unique constraint "payments_payment_id_key"
  Detail: Key (payment_id)=(pending) already exists.
2026-09-06T17:59:23.178+05:30  INFO 39076 --- [payment-service] [org.springframework.kafka.KafkaListenerEndpointContainer#0-0-C-1] o.a.k.c.c.i.ClassicKafkaConsumer         : [Consumer clientId=consumer-payment-service-1, groupId=payment-service] Seeking to offset 6 for partition inventory.reserved.v1-0
2026-09-06T17:59:23.178+05:30  INFO 39076 --- [payment-service] [org.springframework.kafka.KafkaListenerEndpointContainer#0-0-C-1] o.s.k.l.KafkaMessageListenerContainer    : Record in retry and not yet recovered
2026-09-06T17:59:23.713+05:30  INFO 39076 --- [payment-service] [org.springframework.kafka.KafkaListenerEndpointContainer#0-0-C-1] c.r.c.p.messaging.PaymentProcessor       : payment.awaiting_razorpay_checkout orderId=ee198551-8b6b-49f4-adb4-abe1d83ddff4
2026-09-06T17:59:23.716+05:30  WARN 39076 --- [payment-service] [org.springframework.kafka.KafkaListenerEndpointContainer#0-0-C-1] o.h.engine.jdbc.spi.SqlExceptionHelper   : SQL Error: 0, SQLState: 23505
2026-09-06T17:59:23.716+05:30 ERROR 39076 --- [payment-service] [org.springframework.kafka.KafkaListenerEndpointContainer#0-0-C-1] o.h.engine.jdbc.spi.SqlExceptionHelper   : ERROR: duplicate key value violates unique constraint "payments_payment_id_key"
  Detail: Key (payment_id)=(pending) already exists.
2026-09-06T17:59:23.738+05:30  INFO 39076 --- [payment-service] [org.springframework.kafka.KafkaListenerEndpointContainer#0-0-C-1] o.a.k.c.c.i.ClassicKafkaConsumer         : [Consumer clientId=consumer-payment-service-1, groupId=payment-service] Seeking to offset 6 for partition inventory.reserved.v1-0
2026-09-06T17:59:23.738+05:30  INFO 39076 --- [payment-service] [org.springframework.kafka.KafkaListenerEndpointContainer#0-0-C-1] o.s.k.l.KafkaMessageListenerContainer    : Record in retry and not yet recovered
2026-09-06T17:59:24.278+05:30  INFO 39076 --- [payment-service] [org.springframework.kafka.KafkaListenerEndpointContainer#0-0-C-1] c.r.c.p.messaging.PaymentProcessor       : payment.awaiting_razorpay_checkout orderId=ee198551-8b6b-49f4-adb4-abe1d83ddff4
2026-09-06T17:59:24.282+05:30  WARN 39076 --- [payment-service] [org.springframework.kafka.KafkaListenerEndpointContainer#0-0-C-1] o.h.engine.jdbc.spi.SqlExceptionHelper   : SQL Error: 0, SQLState: 23505
2026-09-06T17:59:24.283+05:30 ERROR 39076 --- [payment-service] [org.springframework.kafka.KafkaListenerEndpointContainer#0-0-C-1] o.h.engine.jdbc.spi.SqlExceptionHelper   : ERROR: duplicate key value violates unique constraint "payments_payment_id_key"
  Detail: Key (payment_id)=(pending) already exists.
2026-09-06T17:59:24.311+05:30  INFO 39076 --- [payment-service] [org.springframework.kafka.KafkaListenerEndpointContainer#0-0-C-1] o.a.k.c.c.i.ClassicKafkaConsumer         : [Consumer clientId=consumer-payment-service-1, groupId=payment-service] Seeking to offset 6 for partition inventory.reserved.v1-0
2026-09-06T17:59:24.311+05:30  INFO 39076 --- [payment-service] [org.springframework.kafka.KafkaListenerEndpointContainer#0-0-C-1] o.s.k.l.KafkaMessageListenerContainer    : Record in retry and not yet recovered
2026-09-06T17:59:24.792+05:30  INFO 39076 --- [payment-service] [org.springframework.kafka.KafkaListenerEndpointContainer#0-0-C-1] c.r.c.p.messaging.PaymentProcessor       : payment.awaiting_razorpay_checkout orderId=ee198551-8b6b-49f4-adb4-abe1d83ddff4
2026-09-06T17:59:24.795+05:30  WARN 39076 --- [payment-service] [org.springframework.kafka.KafkaListenerEndpointContainer#0-0-C-1] o.h.engine.jdbc.spi.SqlExceptionHelper   : SQL Error: 0, SQLState: 23505
2026-09-06T17:59:24.796+05:30 ERROR 39076 --- [payment-service] [org.springframework.kafka.KafkaListenerEndpointContainer#0-0-C-1] o.h.engine.jdbc.spi.SqlExceptionHelper   : ERROR: duplicate key value violates unique constraint "payments_payment_id_key"
  Detail: Key (payment_id)=(pending) already exists.
2026-09-06T17:59:24.824+05:30  INFO 39076 --- [payment-service] [org.springframework.kafka.KafkaListenerEndpointContainer#0-0-C-1] o.a.k.c.c.i.ClassicKafkaConsumer         : [Consumer clientId=consumer-payment-service-1, groupId=payment-service] Seeking to offset 6 for partition inventory.reserved.v1-0
2026-09-06T17:59:24.824+05:30  INFO 39076 --- [payment-service] [org.springframework.kafka.KafkaListenerEndpointContainer#0-0-C-1] o.s.k.l.KafkaMessageListenerContainer    : Record in retry and not yet recovered
2026-09-06T17:59:25.301+05:30  INFO 39076 --- [payment-service] [org.springframework.kafka.KafkaListenerEndpointContainer#0-0-C-1] c.r.c.p.messaging.PaymentProcessor       : payment.awaiting_razorpay_checkout orderId=ee198551-8b6b-49f4-adb4-abe1d83ddff4
2026-09-06T17:59:25.303+05:30  WARN 39076 --- [payment-service] [org.springframework.kafka.KafkaListenerEndpointContainer#0-0-C-1] o.h.engine.jdbc.spi.SqlExceptionHelper   : SQL Error: 0, SQLState: 23505
2026-09-06T17:59:25.304+05:30 ERROR 39076 --- [payment-service] [org.springframework.kafka.KafkaListenerEndpointContainer#0-0-C-1] o.h.engine.jdbc.spi.SqlExceptionHelper   : ERROR: duplicate key value violates unique constraint "payments_payment_id_key"
  Detail: Key (payment_id)=(pending) already exists.
2026-09-06T17:59:25.320+05:30  INFO 39076 --- [payment-service] [org.springframework.kafka.KafkaListenerEndpointContainer#0-0-C-1] o.a.k.c.c.i.ClassicKafkaConsumer         : [Consumer clientId=consumer-payment-service-1, groupId=payment-service] Seeking to offset 6 for partition inventory.reserved.v1-0
2026-09-06T17:59:25.320+05:30  INFO 39076 --- [payment-service] [org.springframework.kafka.KafkaListenerEndpointContainer#0-0-C-1] o.s.k.l.KafkaMessageListenerContainer    : Record in retry and not yet recovered
2026-09-06T17:59:25.853+05:30  INFO 39076 --- [payment-service] [org.springframework.kafka.KafkaListenerEndpointContainer#0-0-C-1] c.r.c.p.messaging.PaymentProcessor       : payment.awaiting_razorpay_checkout orderId=ee198551-8b6b-49f4-adb4-abe1d83ddff4
2026-09-06T17:59:25.856+05:30  WARN 39076 --- [payment-service] [org.springframework.kafka.KafkaListenerEndpointContainer#0-0-C-1] o.h.engine.jdbc.spi.SqlExceptionHelper   : SQL Error: 0, SQLState: 23505
2026-09-06T17:59:25.856+05:30 ERROR 39076 --- [payment-service] [org.springframework.kafka.KafkaListenerEndpointContainer#0-0-C-1] o.h.engine.jdbc.spi.SqlExceptionHelper   : ERROR: duplicate key value violates unique constraint "payments_payment_id_key"
  Detail: Key (payment_id)=(pending) already exists.
2026-09-06T17:59:25.878+05:30  INFO 39076 --- [payment-service] [org.springframework.kafka.KafkaListenerEndpointContainer#0-0-C-1] o.a.k.c.c.i.ClassicKafkaConsumer         : [Consumer clientId=consumer-payment-service-1, groupId=payment-service] Seeking to offset 6 for partition inventory.reserved.v1-0
2026-09-06T17:59:25.878+05:30  INFO 39076 --- [payment-service] [org.springframework.kafka.KafkaListenerEndpointContainer#0-0-C-1] o.s.k.l.KafkaMessageListenerContainer    : Record in retry and not yet recovered
2026-09-06T17:59:25.911+05:30 ERROR 39076 --- [payment-service] [http-nio-8085-exec-5] o.a.c.c.C.[.[.[/].[dispatcherServlet]    : Servlet.service() for servlet [dispatcherServlet] in context with path [] threw exception [Request processing failed: java.util.NoSuchElementException: No value present] with root cause

java.util.NoSuchElementException: No value present
	at java.base/java.util.Optional.orElseThrow(Optional.java:377) ~[na:na]
	at com.rishav.commerce.payment.api.PaymentController.checkout(PaymentController.java:4) ~[main/:na]
	at java.base/jdk.internal.reflect.DirectMethodHandleAccessor.invoke(DirectMethodHandleAccessor.java:103) ~[na:na]
	at java.base/java.lang.reflect.Method.invoke(Method.java:580) ~[na:na]
	at org.springframework.web.method.support.InvocableHandlerMethod.doInvoke(InvocableHandlerMethod.java:258) ~[spring-web-6.2.19.jar:6.2.19]
	at org.springframework.web.method.support.InvocableHandlerMethod.invokeForRequest(InvocableHandlerMethod.java:191) ~[spring-web-6.2.19.jar:6.2.19]
	at org.springframework.web.servlet.mvc.method.annotation.ServletInvocableHandlerMethod.invokeAndHandle(ServletInvocableHandlerMethod.java:118) ~[spring-webmvc-6.2.19.jar:6.2.19]
	at org.springframework.web.servlet.mvc.method.annotation.RequestMappingHandlerAdapter.invokeHandlerMethod(RequestMappingHandlerAdapter.java:991) ~[spring-webmvc-6.2.19.jar:6.2.19]
	at org.springframework.web.servlet.mvc.method.annotation.RequestMappingHandlerAdapter.handleInternal(RequestMappingHandlerAdapter.java:896) ~[spring-webmvc-6.2.19.jar:6.2.19]
	at org.springframework.web.servlet.mvc.method.AbstractHandlerMethodAdapter.handle(AbstractHandlerMethodAdapter.java:87) ~[spring-webmvc-6.2.19.jar:6.2.19]
	at org.springframework.web.servlet.DispatcherServlet.doDispatch(DispatcherServlet.java:1089) ~[spring-webmvc-6.2.19.jar:6.2.19]
	at org.springframework.web.servlet.DispatcherServlet.doService(DispatcherServlet.java:979) ~[spring-webmvc-6.2.19.jar:6.2.19]
	at org.springframework.web.servlet.FrameworkServlet.processRequest(FrameworkServlet.java:1014) ~[spring-webmvc-6.2.19.jar:6.2.19]
	at org.springframework.web.servlet.FrameworkServlet.doGet(FrameworkServlet.java:903) ~[spring-webmvc-6.2.19.jar:6.2.19]
	at jakarta.servlet.http.HttpServlet.service(HttpServlet.java:564) ~[tomcat-embed-core-10.1.55.jar:6.0]
	at org.springframework.web.servlet.FrameworkServlet.service(FrameworkServlet.java:885) ~[spring-webmvc-6.2.19.jar:6.2.19]
	at jakarta.servlet.http.HttpServlet.service(HttpServlet.java:658) ~[tomcat-embed-core-10.1.55.jar:6.0]
	at org.apache.catalina.core.ApplicationFilterChain.internalDoFilter(ApplicationFilterChain.java:193) ~[tomcat-embed-core-10.1.55.jar:10.1.55]
	at org.apache.catalina.core.ApplicationFilterChain.doFilter(ApplicationFilterChain.java:138) ~[tomcat-embed-core-10.1.55.jar:10.1.55]
	at org.apache.tomcat.websocket.server.WsFilter.doFilter(WsFilter.java:51) ~[tomcat-embed-websocket-10.1.55.jar:10.1.55]
	at org.apache.catalina.core.ApplicationFilterChain.internalDoFilter(ApplicationFilterChain.java:162) ~[tomcat-embed-core-10.1.55.jar:10.1.55]
	at org.apache.catalina.core.ApplicationFilterChain.doFilter(ApplicationFilterChain.java:138) ~[tomcat-embed-core-10.1.55.jar:10.1.55]
	at org.springframework.web.filter.RequestContextFilter.doFilterInternal(RequestContextFilter.java:100) ~[spring-web-6.2.19.jar:6.2.19]
	at org.springframework.web.filter.OncePerRequestFilter.doFilter(OncePerRequestFilter.java:116) ~[spring-web-6.2.19.jar:6.2.19]
	at org.apache.catalina.core.ApplicationFilterChain.internalDoFilter(ApplicationFilterChain.java:162) ~[tomcat-embed-core-10.1.55.jar:10.1.55]
	at org.apache.catalina.core.ApplicationFilterChain.doFilter(ApplicationFilterChain.java:138) ~[tomcat-embed-core-10.1.55.jar:10.1.55]
	at org.springframework.web.filter.FormContentFilter.doFilterInternal(FormContentFilter.java:93) ~[spring-web-6.2.19.jar:6.2.19]
	at org.springframework.web.filter.OncePerRequestFilter.doFilter(OncePerRequestFilter.java:116) ~[spring-web-6.2.19.jar:6.2.19]
	at org.apache.catalina.core.ApplicationFilterChain.internalDoFilter(ApplicationFilterChain.java:162) ~[tomcat-embed-core-10.1.55.jar:10.1.55]
	at org.apache.catalina.core.ApplicationFilterChain.doFilter(ApplicationFilterChain.java:138) ~[tomcat-embed-core-10.1.55.jar:10.1.55]
	at org.springframework.web.filter.ServerHttpObservationFilter.doFilterInternal(ServerHttpObservationFilter.java:110) ~[spring-web-6.2.19.jar:6.2.19]
	at org.springframework.web.filter.OncePerRequestFilter.doFilter(OncePerRequestFilter.java:116) ~[spring-web-6.2.19.jar:6.2.19]
	at org.apache.catalina.core.ApplicationFilterChain.internalDoFilter(ApplicationFilterChain.java:162) ~[tomcat-embed-core-10.1.55.jar:10.1.55]
	at org.apache.catalina.core.ApplicationFilterChain.doFilter(ApplicationFilterChain.java:138) ~[tomcat-embed-core-10.1.55.jar:10.1.55]
	at org.springframework.web.filter.CharacterEncodingFilter.doFilterInternal(CharacterEncodingFilter.java:201) ~[spring-web-6.2.19.jar:6.2.19]
	at org.springframework.web.filter.OncePerRequestFilter.doFilter(OncePerRequestFilter.java:116) ~[spring-web-6.2.19.jar:6.2.19]
	at org.apache.catalina.core.ApplicationFilterChain.internalDoFilter(ApplicationFilterChain.java:162) ~[tomcat-embed-core-10.1.55.jar:10.1.55]
	at org.apache.catalina.core.ApplicationFilterChain.doFilter(ApplicationFilterChain.java:138) ~[tomcat-embed-core-10.1.55.jar:10.1.55]
	at org.apache.catalina.core.StandardWrapperValve.invoke(StandardWrapperValve.java:165) ~[tomcat-embed-core-10.1.55.jar:10.1.55]
	at org.apache.catalina.core.StandardContextValve.invoke(StandardContextValve.java:88) ~[tomcat-embed-core-10.1.55.jar:10.1.55]
	at org.apache.catalina.authenticator.AuthenticatorBase.invoke(AuthenticatorBase.java:492) ~[tomcat-embed-core-10.1.55.jar:10.1.55]
	at org.apache.catalina.core.StandardHostValve.invoke(StandardHostValve.java:113) ~[tomcat-embed-core-10.1.55.jar:10.1.55]
	at org.apache.catalina.valves.ErrorReportValve.invoke(ErrorReportValve.java:83) ~[tomcat-embed-core-10.1.55.jar:10.1.55]
	at org.apache.catalina.core.StandardEngineValve.invoke(StandardEngineValve.java:72) ~[tomcat-embed-core-10.1.55.jar:10.1.55]
	at org.apache.catalina.connector.CoyoteAdapter.service(CoyoteAdapter.java:342) ~[tomcat-embed-core-10.1.55.jar:10.1.55]
	at org.apache.coyote.http11.Http11Processor.service(Http11Processor.java:399) ~[tomcat-embed-core-10.1.55.jar:10.1.55]
	at org.apache.coyote.AbstractProcessorLight.process(AbstractProcessorLight.java:63) ~[tomcat-embed-core-10.1.55.jar:10.1.55]
	at org.apache.coyote.AbstractProtocol$ConnectionHandler.process(AbstractProtocol.java:1272) ~[tomcat-embed-core-10.1.55.jar:10.1.55]
	at org.apache.tomcat.util.net.NioEndpoint$SocketProcessor.doRun(NioEndpoint.java:1797) ~[tomcat-embed-core-10.1.55.jar:10.1.55]
	at org.apache.tomcat.util.net.SocketProcessorBase.run(SocketProcessorBase.java:52) ~[tomcat-embed-core-10.1.55.jar:10.1.55]
	at org.apache.tomcat.util.threads.ThreadPoolExecutor.runWorker(ThreadPoolExecutor.java:973) ~[tomcat-embed-core-10.1.55.jar:10.1.55]
	at org.apache.tomcat.util.threads.ThreadPoolExecutor$Worker.run(ThreadPoolExecutor.java:491) ~[tomcat-embed-core-10.1.55.jar:10.1.55]
	at org.apache.tomcat.util.threads.TaskThread$WrappingRunnable.run(TaskThread.java:63) ~[tomcat-embed-core-10.1.55.jar:10.1.55]
	at java.base/java.lang.Thread.run(Thread.java:1583) ~[na:na]

2026-09-06T17:59:26.428+05:30  INFO 39076 --- [payment-service] [org.springframework.kafka.KafkaListenerEndpointContainer#0-0-C-1] c.r.c.p.messaging.PaymentProcessor       : payment.awaiting_razorpay_checkout orderId=ee198551-8b6b-49f4-adb4-abe1d83ddff4
2026-09-06T17:59:26.432+05:30  WARN 39076 --- [payment-service] [org.springframework.kafka.KafkaListenerEndpointContainer#0-0-C-1] o.h.engine.jdbc.spi.SqlExceptionHelper   : SQL Error: 0, SQLState: 23505
2026-09-06T17:59:26.432+05:30 ERROR 39076 --- [payment-service] [org.springframework.kafka.KafkaListenerEndpointContainer#0-0-C-1] o.h.engine.jdbc.spi.SqlExceptionHelper   : ERROR: duplicate key value violates unique constraint "payments_payment_id_key"
  Detail: Key (payment_id)=(pending) already exists.
2026-09-06T17:59:26.437+05:30 ERROR 39076 --- [payment-service] [org.springframework.kafka.KafkaListenerEndpointContainer#0-0-C-1] o.s.kafka.listener.DefaultErrorHandler   : Backoff FixedBackOff{interval=0, currentAttempts=10, maxAttempts=9} exhausted for inventory.reserved.v1-0@6

org.springframework.kafka.listener.ListenerExecutionFailedException: Listener method 'void com.rishav.commerce.payment.messaging.PaymentProcessor.pay(com.rishav.commerce.events.InventoryReservedEvent)' threw exception
	at org.springframework.kafka.listener.KafkaMessageListenerContainer$ListenerConsumer.decorateException(KafkaMessageListenerContainer.java:3043) ~[spring-kafka-3.3.16.jar:3.3.16]
	at org.springframework.kafka.listener.KafkaMessageListenerContainer$ListenerConsumer.doInvokeOnMessage(KafkaMessageListenerContainer.java:2950) ~[spring-kafka-3.3.16.jar:3.3.16]
	at org.springframework.kafka.listener.KafkaMessageListenerContainer$ListenerConsumer.invokeOnMessage(KafkaMessageListenerContainer.java:2914) ~[spring-kafka-3.3.16.jar:3.3.16]
	at org.springframework.kafka.listener.KafkaMessageListenerContainer$ListenerConsumer.doInvokeRecordListener(KafkaMessageListenerContainer.java:2826) ~[spring-kafka-3.3.16.jar:3.3.16]
	at org.springframework.kafka.listener.KafkaMessageListenerContainer$ListenerConsumer.doInvokeWithRecords(KafkaMessageListenerContainer.java:2663) ~[spring-kafka-3.3.16.jar:3.3.16]
	at org.springframework.kafka.listener.KafkaMessageListenerContainer$ListenerConsumer.invokeRecordListener(KafkaMessageListenerContainer.java:2552) ~[spring-kafka-3.3.16.jar:3.3.16]
	at org.springframework.kafka.listener.KafkaMessageListenerContainer$ListenerConsumer.invokeListener(KafkaMessageListenerContainer.java:2201) ~[spring-kafka-3.3.16.jar:3.3.16]
	at org.springframework.kafka.listener.KafkaMessageListenerContainer$ListenerConsumer.invokeIfHaveRecords(KafkaMessageListenerContainer.java:1555) ~[spring-kafka-3.3.16.jar:3.3.16]
	at org.springframework.kafka.listener.KafkaMessageListenerContainer$ListenerConsumer.pollAndInvoke(KafkaMessageListenerContainer.java:1493) ~[spring-kafka-3.3.16.jar:3.3.16]
	at org.springframework.kafka.listener.KafkaMessageListenerContainer$ListenerConsumer.run(KafkaMessageListenerContainer.java:1362) ~[spring-kafka-3.3.16.jar:3.3.16]
	at java.base/java.util.concurrent.CompletableFuture$AsyncRun.run(CompletableFuture.java:1804) ~[na:na]
	at java.base/java.lang.Thread.run(Thread.java:1583) ~[na:na]
	Suppressed: org.springframework.kafka.listener.ListenerExecutionFailedException: Restored Stack Trace
		at org.springframework.kafka.listener.adapter.MessagingMessageListenerAdapter.invokeHandler(MessagingMessageListenerAdapter.java:490) ~[spring-kafka-3.3.16.jar:3.3.16]
		at org.springframework.kafka.listener.adapter.MessagingMessageListenerAdapter.invoke(MessagingMessageListenerAdapter.java:421) ~[spring-kafka-3.3.16.jar:3.3.16]
		at org.springframework.kafka.listener.adapter.RecordMessagingMessageListenerAdapter.onMessage(RecordMessagingMessageListenerAdapter.java:85) ~[spring-kafka-3.3.16.jar:3.3.16]
		at org.springframework.kafka.listener.adapter.RecordMessagingMessageListenerAdapter.onMessage(RecordMessagingMessageListenerAdapter.java:50) ~[spring-kafka-3.3.16.jar:3.3.16]
		at org.springframework.kafka.listener.KafkaMessageListenerContainer$ListenerConsumer.doInvokeOnMessage(KafkaMessageListenerContainer.java:2936) ~[spring-kafka-3.3.16.jar:3.3.16]
Caused by: org.springframework.dao.DataIntegrityViolationException: could not execute statement [ERROR: duplicate key value violates unique constraint "payments_payment_id_key"
  Detail: Key (payment_id)=(pending) already exists.] [insert into payments (payment_id,razorpay_order_id,status,order_id) values (?,?,?,?)]; SQL [insert into payments (payment_id,razorpay_order_id,status,order_id) values (?,?,?,?)]; constraint [payments_payment_id_key]
	at org.springframework.orm.jpa.vendor.HibernateJpaDialect.convertHibernateAccessException(HibernateJpaDialect.java:294) ~[spring-orm-6.2.19.jar:6.2.19]
	at org.springframework.orm.jpa.vendor.HibernateJpaDialect.convertHibernateAccessException(HibernateJpaDialect.java:256) ~[spring-orm-6.2.19.jar:6.2.19]
	at org.springframework.orm.jpa.vendor.HibernateJpaDialect.translateExceptionIfPossible(HibernateJpaDialect.java:241) ~[spring-orm-6.2.19.jar:6.2.19]
	at org.springframework.orm.jpa.JpaTransactionManager.doCommit(JpaTransactionManager.java:567) ~[spring-orm-6.2.19.jar:6.2.19]
	at org.springframework.transaction.support.AbstractPlatformTransactionManager.processCommit(AbstractPlatformTransactionManager.java:795) ~[spring-tx-6.2.19.jar:6.2.19]
	at org.springframework.transaction.support.AbstractPlatformTransactionManager.commit(AbstractPlatformTransactionManager.java:758) ~[spring-tx-6.2.19.jar:6.2.19]
	at org.springframework.transaction.interceptor.TransactionAspectSupport.commitTransactionAfterReturning(TransactionAspectSupport.java:698) ~[spring-tx-6.2.19.jar:6.2.19]
	at org.springframework.transaction.interceptor.TransactionAspectSupport.invokeWithinTransaction(TransactionAspectSupport.java:416) ~[spring-tx-6.2.19.jar:6.2.19]
	at org.springframework.transaction.interceptor.TransactionInterceptor.invoke(TransactionInterceptor.java:119) ~[spring-tx-6.2.19.jar:6.2.19]
	at org.springframework.aop.framework.ReflectiveMethodInvocation.proceed(ReflectiveMethodInvocation.java:184) ~[spring-aop-6.2.19.jar:6.2.19]
	at org.springframework.aop.framework.CglibAopProxy$DynamicAdvisedInterceptor.intercept(CglibAopProxy.java:728) ~[spring-aop-6.2.19.jar:6.2.19]
	at com.rishav.commerce.payment.messaging.PaymentProcessor$$SpringCGLIB$$0.pay(<generated>) ~[main/:na]
	at java.base/jdk.internal.reflect.DirectMethodHandleAccessor.invoke(DirectMethodHandleAccessor.java:103) ~[na:na]
	at java.base/java.lang.reflect.Method.invoke(Method.java:580) ~[na:na]
	at org.springframework.messaging.handler.invocation.InvocableHandlerMethod.doInvoke(InvocableHandlerMethod.java:169) ~[spring-messaging-6.2.19.jar:6.2.19]
	at org.springframework.kafka.listener.adapter.KotlinAwareInvocableHandlerMethod.doInvoke(KotlinAwareInvocableHandlerMethod.java:45) ~[spring-kafka-3.3.16.jar:3.3.16]
	at org.springframework.messaging.handler.invocation.InvocableHandlerMethod.invoke(InvocableHandlerMethod.java:119) ~[spring-messaging-6.2.19.jar:6.2.19]
	at org.springframework.kafka.listener.adapter.HandlerAdapter.invoke(HandlerAdapter.java:78) ~[spring-kafka-3.3.16.jar:3.3.16]
	at org.springframework.kafka.listener.adapter.MessagingMessageListenerAdapter.invokeHandler(MessagingMessageListenerAdapter.java:475) ~[spring-kafka-3.3.16.jar:3.3.16]
	at org.springframework.kafka.listener.adapter.MessagingMessageListenerAdapter.invoke(MessagingMessageListenerAdapter.java:421) ~[spring-kafka-3.3.16.jar:3.3.16]
	at org.springframework.kafka.listener.adapter.RecordMessagingMessageListenerAdapter.onMessage(RecordMessagingMessageListenerAdapter.java:85) ~[spring-kafka-3.3.16.jar:3.3.16]
	at org.springframework.kafka.listener.adapter.RecordMessagingMessageListenerAdapter.onMessage(RecordMessagingMessageListenerAdapter.java:50) ~[spring-kafka-3.3.16.jar:3.3.16]
	at org.springframework.kafka.listener.KafkaMessageListenerContainer$ListenerConsumer.doInvokeOnMessage(KafkaMessageListenerContainer.java:2936) ~[spring-kafka-3.3.16.jar:3.3.16]
	... 10 common frames omitted
Caused by: org.hibernate.exception.ConstraintViolationException: could not execute statement [ERROR: duplicate key value violates unique constraint "payments_payment_id_key"
  Detail: Key (payment_id)=(pending) already exists.] [insert into payments (payment_id,razorpay_order_id,status,order_id) values (?,?,?,?)]
	at org.hibernate.exception.internal.SQLStateConversionDelegate.convert(SQLStateConversionDelegate.java:97) ~[hibernate-core-6.6.53.Final.jar:6.6.53.Final]
	at org.hibernate.exception.internal.StandardSQLExceptionConverter.convert(StandardSQLExceptionConverter.java:58) ~[hibernate-core-6.6.53.Final.jar:6.6.53.Final]
	at org.hibernate.engine.jdbc.spi.SqlExceptionHelper.convert(SqlExceptionHelper.java:108) ~[hibernate-core-6.6.53.Final.jar:6.6.53.Final]
	at org.hibernate.engine.jdbc.internal.ResultSetReturnImpl.executeUpdate(ResultSetReturnImpl.java:197) ~[hibernate-core-6.6.53.Final.jar:6.6.53.Final]
	at org.hibernate.engine.jdbc.mutation.internal.AbstractMutationExecutor.performNonBatchedMutation(AbstractMutationExecutor.java:134) ~[hibernate-core-6.6.53.Final.jar:6.6.53.Final]
	at org.hibernate.engine.jdbc.mutation.internal.MutationExecutorSingleNonBatched.performNonBatchedOperations(MutationExecutorSingleNonBatched.java:55) ~[hibernate-core-6.6.53.Final.jar:6.6.53.Final]
	at org.hibernate.engine.jdbc.mutation.internal.AbstractMutationExecutor.execute(AbstractMutationExecutor.java:55) ~[hibernate-core-6.6.53.Final.jar:6.6.53.Final]
	at org.hibernate.persister.entity.mutation.InsertCoordinatorStandard.doStaticInserts(InsertCoordinatorStandard.java:194) ~[hibernate-core-6.6.53.Final.jar:6.6.53.Final]
	at org.hibernate.persister.entity.mutation.InsertCoordinatorStandard.coordinateInsert(InsertCoordinatorStandard.java:132) ~[hibernate-core-6.6.53.Final.jar:6.6.53.Final]
	at org.hibernate.persister.entity.mutation.InsertCoordinatorStandard.insert(InsertCoordinatorStandard.java:104) ~[hibernate-core-6.6.53.Final.jar:6.6.53.Final]
	at org.hibernate.action.internal.EntityInsertAction.execute(EntityInsertAction.java:110) ~[hibernate-core-6.6.53.Final.jar:6.6.53.Final]
	at org.hibernate.engine.spi.ActionQueue.executeActions(ActionQueue.java:644) ~[hibernate-core-6.6.53.Final.jar:6.6.53.Final]
	at org.hibernate.engine.spi.ActionQueue.executeActions(ActionQueue.java:511) ~[hibernate-core-6.6.53.Final.jar:6.6.53.Final]
	at org.hibernate.event.internal.AbstractFlushingEventListener.performExecutions(AbstractFlushingEventListener.java:414) ~[hibernate-core-6.6.53.Final.jar:6.6.53.Final]
	at org.hibernate.event.internal.DefaultFlushEventListener.onFlush(DefaultFlushEventListener.java:41) ~[hibernate-core-6.6.53.Final.jar:6.6.53.Final]
	at org.hibernate.event.service.internal.EventListenerGroupImpl.fireEventOnEachListener(EventListenerGroupImpl.java:127) ~[hibernate-core-6.6.53.Final.jar:6.6.53.Final]
	at org.hibernate.internal.SessionImpl.doFlush(SessionImpl.java:1429) ~[hibernate-core-6.6.53.Final.jar:6.6.53.Final]
	at org.hibernate.internal.SessionImpl.managedFlush(SessionImpl.java:491) ~[hibernate-core-6.6.53.Final.jar:6.6.53.Final]
	at org.hibernate.internal.SessionImpl.flushBeforeTransactionCompletion(SessionImpl.java:2354) ~[hibernate-core-6.6.53.Final.jar:6.6.53.Final]
	at org.hibernate.internal.SessionImpl.beforeTransactionCompletion(SessionImpl.java:1978) ~[hibernate-core-6.6.53.Final.jar:6.6.53.Final]
	at org.hibernate.engine.jdbc.internal.JdbcCoordinatorImpl.beforeTransactionCompletion(JdbcCoordinatorImpl.java:439) ~[hibernate-core-6.6.53.Final.jar:6.6.53.Final]
	at org.hibernate.resource.transaction.backend.jdbc.internal.JdbcResourceLocalTransactionCoordinatorImpl.beforeCompletionCallback(JdbcResourceLocalTransactionCoordinatorImpl.java:169) ~[hibernate-core-6.6.53.Final.jar:6.6.53.Final]
	at org.hibernate.resource.transaction.backend.jdbc.internal.JdbcResourceLocalTransactionCoordinatorImpl$TransactionDriverControlImpl.commit(JdbcResourceLocalTransactionCoordinatorImpl.java:267) ~[hibernate-core-6.6.53.Final.jar:6.6.53.Final]
	at org.hibernate.engine.transaction.internal.TransactionImpl.commit(TransactionImpl.java:101) ~[hibernate-core-6.6.53.Final.jar:6.6.53.Final]
	at org.springframework.orm.jpa.JpaTransactionManager.doCommit(JpaTransactionManager.java:563) ~[spring-orm-6.2.19.jar:6.2.19]
	... 29 common frames omitted
Caused by: org.postgresql.util.PSQLException: ERROR: duplicate key value violates unique constraint "payments_payment_id_key"
  Detail: Key (payment_id)=(pending) already exists.
	at org.postgresql.core.v3.QueryExecutorImpl.receiveErrorResponse(QueryExecutorImpl.java:2904) ~[postgresql-42.7.11.jar:42.7.11]
	at org.postgresql.core.v3.QueryExecutorImpl.processResults(QueryExecutorImpl.java:2589) ~[postgresql-42.7.11.jar:42.7.11]
	at org.postgresql.core.v3.QueryExecutorImpl.execute(QueryExecutorImpl.java:431) ~[postgresql-42.7.11.jar:42.7.11]
	at org.postgresql.jdbc.PgStatement.executeInternal(PgStatement.java:534) ~[postgresql-42.7.11.jar:42.7.11]
	at org.postgresql.jdbc.PgStatement.execute(PgStatement.java:437) ~[postgresql-42.7.11.jar:42.7.11]
	at org.postgresql.jdbc.PgPreparedStatement.executeWithFlags(PgPreparedStatement.java:196) ~[postgresql-42.7.11.jar:42.7.11]
	at org.postgresql.jdbc.PgPreparedStatement.executeUpdate(PgPreparedStatement.java:157) ~[postgresql-42.7.11.jar:42.7.11]
	at com.zaxxer.hikari.pool.ProxyPreparedStatement.executeUpdate(ProxyPreparedStatement.java:61) ~[HikariCP-6.3.3.jar:na]
	at com.zaxxer.hikari.pool.HikariProxyPreparedStatement.executeUpdate(HikariProxyPreparedStatement.java) ~[HikariCP-6.3.3.jar:na]
	at org.hibernate.engine.jdbc.internal.ResultSetReturnImpl.executeUpdate(ResultSetReturnImpl.java:194) ~[hibernate-core-6.6.53.Final.jar:6.6.53.Final]
	... 50 common frames omitted

2026-09-06T17:59:30.349+05:30 ERROR 39076 --- [payment-service] [http-nio-8085-exec-6] o.a.c.c.C.[.[.[/].[dispatcherServlet]    : Servlet.service() for servlet [dispatcherServlet] in context with path [] threw exception [Request processing failed: java.util.NoSuchElementException: No value present] with root cause

java.util.NoSuchElementException: No value present
	at java.base/java.util.Optional.orElseThrow(Optional.java:377) ~[na:na]
	at com.rishav.commerce.payment.api.PaymentController.checkout(PaymentController.java:4) ~[main/:na]
	at java.base/jdk.internal.reflect.DirectMethodHandleAccessor.invoke(DirectMethodHandleAccessor.java:103) ~[na:na]
	at java.base/java.lang.reflect.Method.invoke(Method.java:580) ~[na:na]
	at org.springframework.web.method.support.InvocableHandlerMethod.doInvoke(InvocableHandlerMethod.java:258) ~[spring-web-6.2.19.jar:6.2.19]
	at org.springframework.web.method.support.InvocableHandlerMethod.invokeForRequest(InvocableHandlerMethod.java:191) ~[spring-web-6.2.19.jar:6.2.19]
	at org.springframework.web.servlet.mvc.method.annotation.ServletInvocableHandlerMethod.invokeAndHandle(ServletInvocableHandlerMethod.java:118) ~[spring-webmvc-6.2.19.jar:6.2.19]
	at org.springframework.web.servlet.mvc.method.annotation.RequestMappingHandlerAdapter.invokeHandlerMethod(RequestMappingHandlerAdapter.java:991) ~[spring-webmvc-6.2.19.jar:6.2.19]
	at org.springframework.web.servlet.mvc.method.annotation.RequestMappingHandlerAdapter.handleInternal(RequestMappingHandlerAdapter.java:896) ~[spring-webmvc-6.2.19.jar:6.2.19]
	at org.springframework.web.servlet.mvc.method.AbstractHandlerMethodAdapter.handle(AbstractHandlerMethodAdapter.java:87) ~[spring-webmvc-6.2.19.jar:6.2.19]
	at org.springframework.web.servlet.DispatcherServlet.doDispatch(DispatcherServlet.java:1089) ~[spring-webmvc-6.2.19.jar:6.2.19]
	at org.springframework.web.servlet.DispatcherServlet.doService(DispatcherServlet.java:979) ~[spring-webmvc-6.2.19.jar:6.2.19]
	at org.springframework.web.servlet.FrameworkServlet.processRequest(FrameworkServlet.java:1014) ~[spring-webmvc-6.2.19.jar:6.2.19]
	at org.springframework.web.servlet.FrameworkServlet.doGet(FrameworkServlet.java:903) ~[spring-webmvc-6.2.19.jar:6.2.19]
	at jakarta.servlet.http.HttpServlet.service(HttpServlet.java:564) ~[tomcat-embed-core-10.1.55.jar:6.0]
	at org.springframework.web.servlet.FrameworkServlet.service(FrameworkServlet.java:885) ~[spring-webmvc-6.2.19.jar:6.2.19]
	at jakarta.servlet.http.HttpServlet.service(HttpServlet.java:658) ~[tomcat-embed-core-10.1.55.jar:6.0]
	at org.apache.catalina.core.ApplicationFilterChain.internalDoFilter(ApplicationFilterChain.java:193) ~[tomcat-embed-core-10.1.55.jar:10.1.55]
	at org.apache.catalina.core.ApplicationFilterChain.doFilter(ApplicationFilterChain.java:138) ~[tomcat-embed-core-10.1.55.jar:10.1.55]
	at org.apache.tomcat.websocket.server.WsFilter.doFilter(WsFilter.java:51) ~[tomcat-embed-websocket-10.1.55.jar:10.1.55]
	at org.apache.catalina.core.ApplicationFilterChain.internalDoFilter(ApplicationFilterChain.java:162) ~[tomcat-embed-core-10.1.55.jar:10.1.55]
	at org.apache.catalina.core.ApplicationFilterChain.doFilter(ApplicationFilterChain.java:138) ~[tomcat-embed-core-10.1.55.jar:10.1.55]
	at org.springframework.web.filter.RequestContextFilter.doFilterInternal(RequestContextFilter.java:100) ~[spring-web-6.2.19.jar:6.2.19]
	at org.springframework.web.filter.OncePerRequestFilter.doFilter(OncePerRequestFilter.java:116) ~[spring-web-6.2.19.jar:6.2.19]
	at org.apache.catalina.core.ApplicationFilterChain.internalDoFilter(ApplicationFilterChain.java:162) ~[tomcat-embed-core-10.1.55.jar:10.1.55]
	at org.apache.catalina.core.ApplicationFilterChain.doFilter(ApplicationFilterChain.java:138) ~[tomcat-embed-core-10.1.55.jar:10.1.55]
	at org.springframework.web.filter.FormContentFilter.doFilterInternal(FormContentFilter.java:93) ~[spring-web-6.2.19.jar:6.2.19]
	at org.springframework.web.filter.OncePerRequestFilter.doFilter(OncePerRequestFilter.java:116) ~[spring-web-6.2.19.jar:6.2.19]
	at org.apache.catalina.core.ApplicationFilterChain.internalDoFilter(ApplicationFilterChain.java:162) ~[tomcat-embed-core-10.1.55.jar:10.1.55]
	at org.apache.catalina.core.ApplicationFilterChain.doFilter(ApplicationFilterChain.java:138) ~[tomcat-embed-core-10.1.55.jar:10.1.55]
	at org.springframework.web.filter.ServerHttpObservationFilter.doFilterInternal(ServerHttpObservationFilter.java:110) ~[spring-web-6.2.19.jar:6.2.19]
	at org.springframework.web.filter.OncePerRequestFilter.doFilter(OncePerRequestFilter.java:116) ~[spring-web-6.2.19.jar:6.2.19]
	at org.apache.catalina.core.ApplicationFilterChain.internalDoFilter(ApplicationFilterChain.java:162) ~[tomcat-embed-core-10.1.55.jar:10.1.55]
	at org.apache.catalina.core.ApplicationFilterChain.doFilter(ApplicationFilterChain.java:138) ~[tomcat-embed-core-10.1.55.jar:10.1.55]
	at org.springframework.web.filter.CharacterEncodingFilter.doFilterInternal(CharacterEncodingFilter.java:201) ~[spring-web-6.2.19.jar:6.2.19]
	at org.springframework.web.filter.OncePerRequestFilter.doFilter(OncePerRequestFilter.java:116) ~[spring-web-6.2.19.jar:6.2.19]
	at org.apache.catalina.core.ApplicationFilterChain.internalDoFilter(ApplicationFilterChain.java:162) ~[tomcat-embed-core-10.1.55.jar:10.1.55]
	at org.apache.catalina.core.ApplicationFilterChain.doFilter(ApplicationFilterChain.java:138) ~[tomcat-embed-core-10.1.55.jar:10.1.55]
	at org.apache.catalina.core.StandardWrapperValve.invoke(StandardWrapperValve.java:165) ~[tomcat-embed-core-10.1.55.jar:10.1.55]
	at org.apache.catalina.core.StandardContextValve.invoke(StandardContextValve.java:88) ~[tomcat-embed-core-10.1.55.jar:10.1.55]
	at org.apache.catalina.authenticator.AuthenticatorBase.invoke(AuthenticatorBase.java:492) ~[tomcat-embed-core-10.1.55.jar:10.1.55]
	at org.apache.catalina.core.StandardHostValve.invoke(StandardHostValve.java:113) ~[tomcat-embed-core-10.1.55.jar:10.1.55]
	at org.apache.catalina.valves.ErrorReportValve.invoke(ErrorReportValve.java:83) ~[tomcat-embed-core-10.1.55.jar:10.1.55]
	at org.apache.catalina.core.StandardEngineValve.invoke(StandardEngineValve.java:72) ~[tomcat-embed-core-10.1.55.jar:10.1.55]
	at org.apache.catalina.connector.CoyoteAdapter.service(CoyoteAdapter.java:342) ~[tomcat-embed-core-10.1.55.jar:10.1.55]
	at org.apache.coyote.http11.Http11Processor.service(Http11Processor.java:399) ~[tomcat-embed-core-10.1.55.jar:10.1.55]
	at org.apache.coyote.AbstractProcessorLight.process(AbstractProcessorLight.java:63) ~[tomcat-embed-core-10.1.55.jar:10.1.55]
	at org.apache.coyote.AbstractProtocol$ConnectionHandler.process(AbstractProtocol.java:1272) ~[tomcat-embed-core-10.1.55.jar:10.1.55]
	at org.apache.tomcat.util.net.NioEndpoint$SocketProcessor.doRun(NioEndpoint.java:1797) ~[tomcat-embed-core-10.1.55.jar:10.1.55]
	at org.apache.tomcat.util.net.SocketProcessorBase.run(SocketProcessorBase.java:52) ~[tomcat-embed-core-10.1.55.jar:10.1.55]
	at org.apache.tomcat.util.threads.ThreadPoolExecutor.runWorker(ThreadPoolExecutor.java:973) ~[tomcat-embed-core-10.1.55.jar:10.1.55]
	at org.apache.tomcat.util.threads.ThreadPoolExecutor$Worker.run(ThreadPoolExecutor.java:491) ~[tomcat-embed-core-10.1.55.jar:10.1.55]
	at org.apache.tomcat.util.threads.TaskThread$WrappingRunnable.run(TaskThread.java:63) ~[tomcat-embed-core-10.1.55.jar:10.1.55]
	at java.base/java.lang.Thread.run(Thread.java:1583) ~[na:na]

2026-09-06T17:59:45.384+05:30 ERROR 39076 --- [payment-service] [http-nio-8085-exec-8] o.a.c.c.C.[.[.[/].[dispatcherServlet]    : Servlet.service() for servlet [dispatcherServlet] in context with path [] threw exception [Request processing failed: java.util.NoSuchElementException: No value present] with root cause

java.util.NoSuchElementException: No value present
	at java.base/java.util.Optional.orElseThrow(Optional.java:377) ~[na:na]
	at com.rishav.commerce.payment.api.PaymentController.checkout(PaymentController.java:4) ~[main/:na]
	at java.base/jdk.internal.reflect.DirectMethodHandleAccessor.invoke(DirectMethodHandleAccessor.java:103) ~[na:na]
	at java.base/java.lang.reflect.Method.invoke(Method.java:580) ~[na:na]
	at org.springframework.web.method.support.InvocableHandlerMethod.doInvoke(InvocableHandlerMethod.java:258) ~[spring-web-6.2.19.jar:6.2.19]
	at org.springframework.web.method.support.InvocableHandlerMethod.invokeForRequest(InvocableHandlerMethod.java:191) ~[spring-web-6.2.19.jar:6.2.19]
	at org.springframework.web.servlet.mvc.method.annotation.ServletInvocableHandlerMethod.invokeAndHandle(ServletInvocableHandlerMethod.java:118) ~[spring-webmvc-6.2.19.jar:6.2.19]
	at org.springframework.web.servlet.mvc.method.annotation.RequestMappingHandlerAdapter.invokeHandlerMethod(RequestMappingHandlerAdapter.java:991) ~[spring-webmvc-6.2.19.jar:6.2.19]
	at org.springframework.web.servlet.mvc.method.annotation.RequestMappingHandlerAdapter.handleInternal(RequestMappingHandlerAdapter.java:896) ~[spring-webmvc-6.2.19.jar:6.2.19]
	at org.springframework.web.servlet.mvc.method.AbstractHandlerMethodAdapter.handle(AbstractHandlerMethodAdapter.java:87) ~[spring-webmvc-6.2.19.jar:6.2.19]
	at org.springframework.web.servlet.DispatcherServlet.doDispatch(DispatcherServlet.java:1089) ~[spring-webmvc-6.2.19.jar:6.2.19]
	at org.springframework.web.servlet.DispatcherServlet.doService(DispatcherServlet.java:979) ~[spring-webmvc-6.2.19.jar:6.2.19]
	at org.springframework.web.servlet.FrameworkServlet.processRequest(FrameworkServlet.java:1014) ~[spring-webmvc-6.2.19.jar:6.2.19]
	at org.springframework.web.servlet.FrameworkServlet.doGet(FrameworkServlet.java:903) ~[spring-webmvc-6.2.19.jar:6.2.19]
	at jakarta.servlet.http.HttpServlet.service(HttpServlet.java:564) ~[tomcat-embed-core-10.1.55.jar:6.0]
	at org.springframework.web.servlet.FrameworkServlet.service(FrameworkServlet.java:885) ~[spring-webmvc-6.2.19.jar:6.2.19]
	at jakarta.servlet.http.HttpServlet.service(HttpServlet.java:658) ~[tomcat-embed-core-10.1.55.jar:6.0]
	at org.apache.catalina.core.ApplicationFilterChain.internalDoFilter(ApplicationFilterChain.java:193) ~[tomcat-embed-core-10.1.55.jar:10.1.55]
	at org.apache.catalina.core.ApplicationFilterChain.doFilter(ApplicationFilterChain.java:138) ~[tomcat-embed-core-10.1.55.jar:10.1.55]
	at org.apache.tomcat.websocket.server.WsFilter.doFilter(WsFilter.java:51) ~[tomcat-embed-websocket-10.1.55.jar:10.1.55]
	at org.apache.catalina.core.ApplicationFilterChain.internalDoFilter(ApplicationFilterChain.java:162) ~[tomcat-embed-core-10.1.55.jar:10.1.55]
	at org.apache.catalina.core.ApplicationFilterChain.doFilter(ApplicationFilterChain.java:138) ~[tomcat-embed-core-10.1.55.jar:10.1.55]
	at org.springframework.web.filter.RequestContextFilter.doFilterInternal(RequestContextFilter.java:100) ~[spring-web-6.2.19.jar:6.2.19]
	at org.springframework.web.filter.OncePerRequestFilter.doFilter(OncePerRequestFilter.java:116) ~[spring-web-6.2.19.jar:6.2.19]
	at org.apache.catalina.core.ApplicationFilterChain.internalDoFilter(ApplicationFilterChain.java:162) ~[tomcat-embed-core-10.1.55.jar:10.1.55]
	at org.apache.catalina.core.ApplicationFilterChain.doFilter(ApplicationFilterChain.java:138) ~[tomcat-embed-core-10.1.55.jar:10.1.55]
	at org.springframework.web.filter.FormContentFilter.doFilterInternal(FormContentFilter.java:93) ~[spring-web-6.2.19.jar:6.2.19]
	at org.springframework.web.filter.OncePerRequestFilter.doFilter(OncePerRequestFilter.java:116) ~[spring-web-6.2.19.jar:6.2.19]
	at org.apache.catalina.core.ApplicationFilterChain.internalDoFilter(ApplicationFilterChain.java:162) ~[tomcat-embed-core-10.1.55.jar:10.1.55]
	at org.apache.catalina.core.ApplicationFilterChain.doFilter(ApplicationFilterChain.java:138) ~[tomcat-embed-core-10.1.55.jar:10.1.55]
	at org.springframework.web.filter.ServerHttpObservationFilter.doFilterInternal(ServerHttpObservationFilter.java:110) ~[spring-web-6.2.19.jar:6.2.19]
	at org.springframework.web.filter.OncePerRequestFilter.doFilter(OncePerRequestFilter.java:116) ~[spring-web-6.2.19.jar:6.2.19]
	at org.apache.catalina.core.ApplicationFilterChain.internalDoFilter(ApplicationFilterChain.java:162) ~[tomcat-embed-core-10.1.55.jar:10.1.55]
	at org.apache.catalina.core.ApplicationFilterChain.doFilter(ApplicationFilterChain.java:138) ~[tomcat-embed-core-10.1.55.jar:10.1.55]
	at org.springframework.web.filter.CharacterEncodingFilter.doFilterInternal(CharacterEncodingFilter.java:201) ~[spring-web-6.2.19.jar:6.2.19]
	at org.springframework.web.filter.OncePerRequestFilter.doFilter(OncePerRequestFilter.java:116) ~[spring-web-6.2.19.jar:6.2.19]
	at org.apache.catalina.core.ApplicationFilterChain.internalDoFilter(ApplicationFilterChain.java:162) ~[tomcat-embed-core-10.1.55.jar:10.1.55]
	at org.apache.catalina.core.ApplicationFilterChain.doFilter(ApplicationFilterChain.java:138) ~[tomcat-embed-core-10.1.55.jar:10.1.55]
	at org.apache.catalina.core.StandardWrapperValve.invoke(StandardWrapperValve.java:165) ~[tomcat-embed-core-10.1.55.jar:10.1.55]
	at org.apache.catalina.core.StandardContextValve.invoke(StandardContextValve.java:88) ~[tomcat-embed-core-10.1.55.jar:10.1.55]
	at org.apache.catalina.authenticator.AuthenticatorBase.invoke(AuthenticatorBase.java:492) ~[tomcat-embed-core-10.1.55.jar:10.1.55]
	at org.apache.catalina.core.StandardHostValve.invoke(StandardHostValve.java:113) ~[tomcat-embed-core-10.1.55.jar:10.1.55]
	at org.apache.catalina.valves.ErrorReportValve.invoke(ErrorReportValve.java:83) ~[tomcat-embed-core-10.1.55.jar:10.1.55]
	at org.apache.catalina.core.StandardEngineValve.invoke(StandardEngineValve.java:72) ~[tomcat-embed-core-10.1.55.jar:10.1.55]
	at org.apache.catalina.connector.CoyoteAdapter.service(CoyoteAdapter.java:342) ~[tomcat-embed-core-10.1.55.jar:10.1.55]
	at org.apache.coyote.http11.Http11Processor.service(Http11Processor.java:399) ~[tomcat-embed-core-10.1.55.jar:10.1.55]
	at org.apache.coyote.AbstractProcessorLight.process(AbstractProcessorLight.java:63) ~[tomcat-embed-core-10.1.55.jar:10.1.55]
	at org.apache.coyote.AbstractProtocol$ConnectionHandler.process(AbstractProtocol.java:1272) ~[tomcat-embed-core-10.1.55.jar:10.1.55]
	at org.apache.tomcat.util.net.NioEndpoint$SocketProcessor.doRun(NioEndpoint.java:1797) ~[tomcat-embed-core-10.1.55.jar:10.1.55]
	at org.apache.tomcat.util.net.SocketProcessorBase.run(SocketProcessorBase.java:52) ~[tomcat-embed-core-10.1.55.jar:10.1.55]
	at org.apache.tomcat.util.threads.ThreadPoolExecutor.runWorker(ThreadPoolExecutor.java:973) ~[tomcat-embed-core-10.1.55.jar:10.1.55]
	at org.apache.tomcat.util.threads.ThreadPoolExecutor$Worker.run(ThreadPoolExecutor.java:491) ~[tomcat-embed-core-10.1.55.jar:10.1.55]
	at org.apache.tomcat.util.threads.TaskThread$WrappingRunnable.run(TaskThread.java:63) ~[tomcat-embed-core-10.1.55.jar:10.1.55]
	at java.base/java.lang.Thread.run(Thread.java:1583) ~[na:na]

2026-09-06T18:03:05.016+05:30  INFO 45872 --- [payment-service] [main] c.r.c.payment.PaymentServiceApplication  : Starting PaymentServiceApplication using Java 21.0.4 with PID 45872 (F:\JAVAPROJECT1\backend\payment-service\build\classes\java\main started by Rishav in F:\JAVAPROJECT1\backend\payment-service)
2026-09-06T18:03:05.018+05:30  INFO 45872 --- [payment-service] [main] c.r.c.payment.PaymentServiceApplication  : No active profile set, falling back to 1 default profile: "default"
2026-09-06T18:03:05.656+05:30  INFO 45872 --- [payment-service] [main] .s.d.r.c.RepositoryConfigurationDelegate : Bootstrapping Spring Data JPA repositories in DEFAULT mode.
2026-09-06T18:03:05.696+05:30  INFO 45872 --- [payment-service] [main] .s.d.r.c.RepositoryConfigurationDelegate : Finished Spring Data repository scanning in 33 ms. Found 1 JPA repository interface.
2026-09-06T18:03:06.116+05:30  INFO 45872 --- [payment-service] [main] o.s.b.w.embedded.tomcat.TomcatWebServer  : Tomcat initialized with port 8085 (http)
2026-09-06T18:03:06.131+05:30  INFO 45872 --- [payment-service] [main] o.apache.catalina.core.StandardService   : Starting service [Tomcat]
2026-09-06T18:03:06.131+05:30  INFO 45872 --- [payment-service] [main] o.apache.catalina.core.StandardEngine    : Starting Servlet engine: [Apache Tomcat/10.1.55]
2026-09-06T18:03:06.188+05:30  INFO 45872 --- [payment-service] [main] o.a.c.c.C.[Tomcat].[localhost].[/]       : Initializing Spring embedded WebApplicationContext
2026-09-06T18:03:06.188+05:30  INFO 45872 --- [payment-service] [main] w.s.c.ServletWebServerApplicationContext : Root WebApplicationContext: initialization completed in 1143 ms
2026-09-06T18:03:06.485+05:30  INFO 45872 --- [payment-service] [main] com.zaxxer.hikari.HikariDataSource       : HikariPool-1 - Starting...
2026-09-06T18:03:06.598+05:30  INFO 45872 --- [payment-service] [main] com.zaxxer.hikari.pool.HikariPool        : HikariPool-1 - Added connection org.postgresql.jdbc.PgConnection@11148dc2
2026-09-06T18:03:06.599+05:30  INFO 45872 --- [payment-service] [main] com.zaxxer.hikari.HikariDataSource       : HikariPool-1 - Start completed.
2026-09-06T18:03:06.627+05:30  INFO 45872 --- [payment-service] [main] org.flywaydb.core.FlywayExecutor         : Database: jdbc:postgresql://127.0.0.1:5433/payment_db (PostgreSQL 17.11)
2026-09-06T18:03:06.668+05:30  INFO 45872 --- [payment-service] [main] o.f.core.internal.command.DbValidate     : Successfully validated 2 migrations (execution time 00:00.018s)
2026-09-06T18:03:06.702+05:30  INFO 45872 --- [payment-service] [main] o.f.core.internal.command.DbMigrate      : Current version of schema "public": 2
2026-09-06T18:03:06.705+05:30  INFO 45872 --- [payment-service] [main] o.f.core.internal.command.DbMigrate      : Schema "public" is up to date. No migration necessary.
2026-09-06T18:03:06.770+05:30  INFO 45872 --- [payment-service] [main] o.hibernate.jpa.internal.util.LogHelper  : HHH000204: Processing PersistenceUnitInfo [name: default]
2026-09-06T18:03:06.814+05:30  INFO 45872 --- [payment-service] [main] org.hibernate.Version                    : HHH000412: Hibernate ORM core version 6.6.53.Final
2026-09-06T18:03:06.842+05:30  INFO 45872 --- [payment-service] [main] o.h.c.internal.RegionFactoryInitiator    : HHH000026: Second-level cache disabled
2026-09-06T18:03:07.048+05:30  INFO 45872 --- [payment-service] [main] o.s.o.j.p.SpringPersistenceUnitInfo      : No LoadTimeWeaver setup: ignoring JPA class transformer
2026-09-06T18:03:07.114+05:30  INFO 45872 --- [payment-service] [main] org.hibernate.orm.connections.pooling    : HHH10001005: Database info:
	Database JDBC URL [Connecting through datasource 'HikariDataSource (HikariPool-1)']
	Database driver: undefined/unknown
	Database version: 17.11
	Autocommit mode: undefined/unknown
	Isolation level: undefined/unknown
	Minimum pool size: undefined/unknown
	Maximum pool size: undefined/unknown
2026-09-06T18:03:07.960+05:30  INFO 45872 --- [payment-service] [main] o.h.e.t.j.p.i.JtaPlatformInitiator       : HHH000489: No JTA platform available (set 'hibernate.transaction.jta.platform' to enable JTA platform integration)
2026-09-06T18:03:08.010+05:30  INFO 45872 --- [payment-service] [main] j.LocalContainerEntityManagerFactoryBean : Initialized JPA EntityManagerFactory for persistence unit 'default'
2026-09-06T18:03:08.658+05:30  WARN 45872 --- [payment-service] [main] JpaBaseConfiguration$JpaWebConfiguration : spring.jpa.open-in-view is enabled by default. Therefore, database queries may be performed during view rendering. Explicitly configure spring.jpa.open-in-view to disable this warning
2026-09-06T18:03:09.208+05:30  INFO 45872 --- [payment-service] [main] o.s.b.a.e.web.EndpointLinksResolver      : Exposing 4 endpoints beneath base path '/actuator'
2026-09-06T18:03:09.382+05:30  INFO 45872 --- [payment-service] [main] o.s.b.w.embedded.tomcat.TomcatWebServer  : Tomcat started on port 8085 (http) with context path '/'
2026-09-06T18:03:09.427+05:30  INFO 45872 --- [payment-service] [main] o.a.k.clients.consumer.ConsumerConfig    : ConsumerConfig values: 
	allow.auto.create.topics = true
	auto.commit.interval.ms = 5000
	auto.include.jmx.reporter = true
	auto.offset.reset = latest
	bootstrap.servers = [localhost:9092]
	check.crcs = true
	client.dns.lookup = use_all_dns_ips
	client.id = consumer-payment-service-1
	client.rack = 
	connections.max.idle.ms = 540000
	default.api.timeout.ms = 60000
	enable.auto.commit = false
	enable.metrics.push = true
	exclude.internal.topics = true
	fetch.max.bytes = 52428800
	fetch.max.wait.ms = 500
	fetch.min.bytes = 1
	group.id = payment-service
	group.instance.id = null
	group.protocol = classic
	group.remote.assignor = null
	heartbeat.interval.ms = 3000
	interceptor.classes = []
	internal.leave.group.on.close = true
	internal.throw.on.fetch.stable.offset.unsupported = false
	isolation.level = read_uncommitted
	key.deserializer = class org.apache.kafka.common.serialization.StringDeserializer
	max.partition.fetch.bytes = 1048576
	max.poll.interval.ms = 300000
	max.poll.records = 500
	metadata.max.age.ms = 300000
	metadata.recovery.strategy = none
	metric.reporters = []
	metrics.num.samples = 2
	metrics.recording.level = INFO
	metrics.sample.window.ms = 30000
	partition.assignment.strategy = [class org.apache.kafka.clients.consumer.RangeAssignor, class org.apache.kafka.clients.consumer.CooperativeStickyAssignor]
	receive.buffer.bytes = 65536
	reconnect.backoff.max.ms = 1000
	reconnect.backoff.ms = 50
	request.timeout.ms = 30000
	retry.backoff.max.ms = 1000
	retry.backoff.ms = 100
	sasl.client.callback.handler.class = null
	sasl.jaas.config = null
	sasl.kerberos.kinit.cmd = /usr/bin/kinit
	sasl.kerberos.min.time.before.relogin = 60000
	sasl.kerberos.service.name = null
	sasl.kerberos.ticket.renew.jitter = 0.05
	sasl.kerberos.ticket.renew.window.factor = 0.8
	sasl.login.callback.handler.class = null
	sasl.login.class = null
	sasl.login.connect.timeout.ms = null
	sasl.login.read.timeout.ms = null
	sasl.login.refresh.buffer.seconds = 300
	sasl.login.refresh.min.period.seconds = 60
	sasl.login.refresh.window.factor = 0.8
	sasl.login.refresh.window.jitter = 0.05
	sasl.login.retry.backoff.max.ms = 10000
	sasl.login.retry.backoff.ms = 100
	sasl.mechanism = GSSAPI
	sasl.oauthbearer.clock.skew.seconds = 30
	sasl.oauthbearer.expected.audience = null
	sasl.oauthbearer.expected.issuer = null
	sasl.oauthbearer.header.urlencode = false
	sasl.oauthbearer.jwks.endpoint.refresh.ms = 3600000
	sasl.oauthbearer.jwks.endpoint.retry.backoff.max.ms = 10000
	sasl.oauthbearer.jwks.endpoint.retry.backoff.ms = 100
	sasl.oauthbearer.jwks.endpoint.url = null
	sasl.oauthbearer.scope.claim.name = scope
	sasl.oauthbearer.sub.claim.name = sub
	sasl.oauthbearer.token.endpoint.url = null
	security.protocol = PLAINTEXT
	security.providers = null
	send.buffer.bytes = 131072
	session.timeout.ms = 45000
	socket.connection.setup.timeout.max.ms = 30000
	socket.connection.setup.timeout.ms = 10000
	ssl.cipher.suites = null
	ssl.enabled.protocols = [TLSv1.2, TLSv1.3]
	ssl.endpoint.identification.algorithm = https
	ssl.engine.factory.class = null
	ssl.key.password = null
	ssl.keymanager.algorithm = SunX509
	ssl.keystore.certificate.chain = null
	ssl.keystore.key = null
	ssl.keystore.location = null
	ssl.keystore.password = null
	ssl.keystore.type = JKS
	ssl.protocol = TLSv1.3
	ssl.provider = null
	ssl.secure.random.implementation = null
	ssl.trustmanager.algorithm = PKIX
	ssl.truststore.certificates = null
	ssl.truststore.location = null
	ssl.truststore.password = null
	ssl.truststore.type = JKS
	value.deserializer = class org.springframework.kafka.support.serializer.JsonDeserializer

2026-09-06T18:03:09.479+05:30  INFO 45872 --- [payment-service] [main] o.a.k.c.t.i.KafkaMetricsCollector        : initializing Kafka metrics collector
2026-09-06T18:03:09.635+05:30  INFO 45872 --- [payment-service] [main] o.a.kafka.common.utils.AppInfoParser     : Kafka version: 3.9.2
2026-09-06T18:03:09.635+05:30  INFO 45872 --- [payment-service] [main] o.a.kafka.common.utils.AppInfoParser     : Kafka commitId: 5e9866f43ab8e7e4
2026-09-06T18:03:09.635+05:30  INFO 45872 --- [payment-service] [main] o.a.kafka.common.utils.AppInfoParser     : Kafka startTimeMs: 1788697989633
2026-09-06T18:03:09.650+05:30  INFO 45872 --- [payment-service] [main] o.a.k.c.c.i.ClassicKafkaConsumer         : [Consumer clientId=consumer-payment-service-1, groupId=payment-service] Subscribed to topic(s): inventory.reserved.v1
2026-09-06T18:03:09.672+05:30  INFO 45872 --- [payment-service] [main] c.r.c.payment.PaymentServiceApplication  : Started PaymentServiceApplication in 5.066 seconds (process running for 5.31)
2026-09-06T18:03:10.082+05:30  INFO 45872 --- [payment-service] [org.springframework.kafka.KafkaListenerEndpointContainer#0-0-C-1] org.apache.kafka.clients.Metadata        : [Consumer clientId=consumer-payment-service-1, groupId=payment-service] Cluster ID: 5L6g3nShT-eMCtK--X86sw
2026-09-06T18:03:10.084+05:30  INFO 45872 --- [payment-service] [org.springframework.kafka.KafkaListenerEndpointContainer#0-0-C-1] o.a.k.c.c.internals.ConsumerCoordinator  : [Consumer clientId=consumer-payment-service-1, groupId=payment-service] Discovered group coordinator localhost:9092 (id: 2147483646 rack: null)
2026-09-06T18:03:10.088+05:30  INFO 45872 --- [payment-service] [org.springframework.kafka.KafkaListenerEndpointContainer#0-0-C-1] o.a.k.c.c.internals.ConsumerCoordinator  : [Consumer clientId=consumer-payment-service-1, groupId=payment-service] (Re-)joining group
2026-09-06T18:03:10.103+05:30  INFO 45872 --- [payment-service] [org.springframework.kafka.KafkaListenerEndpointContainer#0-0-C-1] o.a.k.c.c.internals.ConsumerCoordinator  : [Consumer clientId=consumer-payment-service-1, groupId=payment-service] Request joining group due to: need to re-join with the given member-id: consumer-payment-service-1-4db06be6-217e-4df7-b2dc-827310a0c291
2026-09-06T18:03:10.103+05:30  INFO 45872 --- [payment-service] [org.springframework.kafka.KafkaListenerEndpointContainer#0-0-C-1] o.a.k.c.c.internals.ConsumerCoordinator  : [Consumer clientId=consumer-payment-service-1, groupId=payment-service] (Re-)joining group
2026-09-06T18:03:10.721+05:30  INFO 45872 --- [payment-service] [http-nio-8085-exec-1] o.a.c.c.C.[Tomcat].[localhost].[/]       : Initializing Spring DispatcherServlet 'dispatcherServlet'
2026-09-06T18:03:10.722+05:30  INFO 45872 --- [payment-service] [http-nio-8085-exec-1] o.s.web.servlet.DispatcherServlet        : Initializing Servlet 'dispatcherServlet'
2026-09-06T18:03:10.724+05:30  INFO 45872 --- [payment-service] [http-nio-8085-exec-1] o.s.web.servlet.DispatcherServlet        : Completed initialization in 2 ms
2026-09-06T18:03:17.358+05:30 ERROR 45872 --- [payment-service] [http-nio-8085-exec-3] o.a.c.c.C.[.[.[/].[dispatcherServlet]    : Servlet.service() for servlet [dispatcherServlet] in context with path [] threw exception [Request processing failed: java.util.NoSuchElementException: No value present] with root cause

java.util.NoSuchElementException: No value present
	at java.base/java.util.Optional.orElseThrow(Optional.java:377) ~[na:na]
	at com.rishav.commerce.payment.api.PaymentController.checkout(PaymentController.java:4) ~[main/:na]
	at java.base/jdk.internal.reflect.DirectMethodHandleAccessor.invoke(DirectMethodHandleAccessor.java:103) ~[na:na]
	at java.base/java.lang.reflect.Method.invoke(Method.java:580) ~[na:na]
	at org.springframework.web.method.support.InvocableHandlerMethod.doInvoke(InvocableHandlerMethod.java:258) ~[spring-web-6.2.19.jar:6.2.19]
	at org.springframework.web.method.support.InvocableHandlerMethod.invokeForRequest(InvocableHandlerMethod.java:191) ~[spring-web-6.2.19.jar:6.2.19]
	at org.springframework.web.servlet.mvc.method.annotation.ServletInvocableHandlerMethod.invokeAndHandle(ServletInvocableHandlerMethod.java:118) ~[spring-webmvc-6.2.19.jar:6.2.19]
	at org.springframework.web.servlet.mvc.method.annotation.RequestMappingHandlerAdapter.invokeHandlerMethod(RequestMappingHandlerAdapter.java:991) ~[spring-webmvc-6.2.19.jar:6.2.19]
	at org.springframework.web.servlet.mvc.method.annotation.RequestMappingHandlerAdapter.handleInternal(RequestMappingHandlerAdapter.java:896) ~[spring-webmvc-6.2.19.jar:6.2.19]
	at org.springframework.web.servlet.mvc.method.AbstractHandlerMethodAdapter.handle(AbstractHandlerMethodAdapter.java:87) ~[spring-webmvc-6.2.19.jar:6.2.19]
	at org.springframework.web.servlet.DispatcherServlet.doDispatch(DispatcherServlet.java:1089) ~[spring-webmvc-6.2.19.jar:6.2.19]
	at org.springframework.web.servlet.DispatcherServlet.doService(DispatcherServlet.java:979) ~[spring-webmvc-6.2.19.jar:6.2.19]
	at org.springframework.web.servlet.FrameworkServlet.processRequest(FrameworkServlet.java:1014) ~[spring-webmvc-6.2.19.jar:6.2.19]
	at org.springframework.web.servlet.FrameworkServlet.doGet(FrameworkServlet.java:903) ~[spring-webmvc-6.2.19.jar:6.2.19]
	at jakarta.servlet.http.HttpServlet.service(HttpServlet.java:564) ~[tomcat-embed-core-10.1.55.jar:6.0]
	at org.springframework.web.servlet.FrameworkServlet.service(FrameworkServlet.java:885) ~[spring-webmvc-6.2.19.jar:6.2.19]
	at jakarta.servlet.http.HttpServlet.service(HttpServlet.java:658) ~[tomcat-embed-core-10.1.55.jar:6.0]
	at org.apache.catalina.core.ApplicationFilterChain.internalDoFilter(ApplicationFilterChain.java:193) ~[tomcat-embed-core-10.1.55.jar:10.1.55]
	at org.apache.catalina.core.ApplicationFilterChain.doFilter(ApplicationFilterChain.java:138) ~[tomcat-embed-core-10.1.55.jar:10.1.55]
	at org.apache.tomcat.websocket.server.WsFilter.doFilter(WsFilter.java:51) ~[tomcat-embed-websocket-10.1.55.jar:10.1.55]
	at org.apache.catalina.core.ApplicationFilterChain.internalDoFilter(ApplicationFilterChain.java:162) ~[tomcat-embed-core-10.1.55.jar:10.1.55]
	at org.apache.catalina.core.ApplicationFilterChain.doFilter(ApplicationFilterChain.java:138) ~[tomcat-embed-core-10.1.55.jar:10.1.55]
	at org.springframework.web.filter.RequestContextFilter.doFilterInternal(RequestContextFilter.java:100) ~[spring-web-6.2.19.jar:6.2.19]
	at org.springframework.web.filter.OncePerRequestFilter.doFilter(OncePerRequestFilter.java:116) ~[spring-web-6.2.19.jar:6.2.19]
	at org.apache.catalina.core.ApplicationFilterChain.internalDoFilter(ApplicationFilterChain.java:162) ~[tomcat-embed-core-10.1.55.jar:10.1.55]
	at org.apache.catalina.core.ApplicationFilterChain.doFilter(ApplicationFilterChain.java:138) ~[tomcat-embed-core-10.1.55.jar:10.1.55]
	at org.springframework.web.filter.FormContentFilter.doFilterInternal(FormContentFilter.java:93) ~[spring-web-6.2.19.jar:6.2.19]
	at org.springframework.web.filter.OncePerRequestFilter.doFilter(OncePerRequestFilter.java:116) ~[spring-web-6.2.19.jar:6.2.19]
	at org.apache.catalina.core.ApplicationFilterChain.internalDoFilter(ApplicationFilterChain.java:162) ~[tomcat-embed-core-10.1.55.jar:10.1.55]
	at org.apache.catalina.core.ApplicationFilterChain.doFilter(ApplicationFilterChain.java:138) ~[tomcat-embed-core-10.1.55.jar:10.1.55]
	at org.springframework.web.filter.ServerHttpObservationFilter.doFilterInternal(ServerHttpObservationFilter.java:110) ~[spring-web-6.2.19.jar:6.2.19]
	at org.springframework.web.filter.OncePerRequestFilter.doFilter(OncePerRequestFilter.java:116) ~[spring-web-6.2.19.jar:6.2.19]
	at org.apache.catalina.core.ApplicationFilterChain.internalDoFilter(ApplicationFilterChain.java:162) ~[tomcat-embed-core-10.1.55.jar:10.1.55]
	at org.apache.catalina.core.ApplicationFilterChain.doFilter(ApplicationFilterChain.java:138) ~[tomcat-embed-core-10.1.55.jar:10.1.55]
	at org.springframework.web.filter.CharacterEncodingFilter.doFilterInternal(CharacterEncodingFilter.java:201) ~[spring-web-6.2.19.jar:6.2.19]
	at org.springframework.web.filter.OncePerRequestFilter.doFilter(OncePerRequestFilter.java:116) ~[spring-web-6.2.19.jar:6.2.19]
	at org.apache.catalina.core.ApplicationFilterChain.internalDoFilter(ApplicationFilterChain.java:162) ~[tomcat-embed-core-10.1.55.jar:10.1.55]
	at org.apache.catalina.core.ApplicationFilterChain.doFilter(ApplicationFilterChain.java:138) ~[tomcat-embed-core-10.1.55.jar:10.1.55]
	at org.apache.catalina.core.StandardWrapperValve.invoke(StandardWrapperValve.java:165) ~[tomcat-embed-core-10.1.55.jar:10.1.55]
	at org.apache.catalina.core.StandardContextValve.invoke(StandardContextValve.java:88) ~[tomcat-embed-core-10.1.55.jar:10.1.55]
	at org.apache.catalina.authenticator.AuthenticatorBase.invoke(AuthenticatorBase.java:492) ~[tomcat-embed-core-10.1.55.jar:10.1.55]
	at org.apache.catalina.core.StandardHostValve.invoke(StandardHostValve.java:113) ~[tomcat-embed-core-10.1.55.jar:10.1.55]
	at org.apache.catalina.valves.ErrorReportValve.invoke(ErrorReportValve.java:83) ~[tomcat-embed-core-10.1.55.jar:10.1.55]
	at org.apache.catalina.core.StandardEngineValve.invoke(StandardEngineValve.java:72) ~[tomcat-embed-core-10.1.55.jar:10.1.55]
	at org.apache.catalina.connector.CoyoteAdapter.service(CoyoteAdapter.java:342) ~[tomcat-embed-core-10.1.55.jar:10.1.55]
	at org.apache.coyote.http11.Http11Processor.service(Http11Processor.java:399) ~[tomcat-embed-core-10.1.55.jar:10.1.55]
	at org.apache.coyote.AbstractProcessorLight.process(AbstractProcessorLight.java:63) ~[tomcat-embed-core-10.1.55.jar:10.1.55]
	at org.apache.coyote.AbstractProtocol$ConnectionHandler.process(AbstractProtocol.java:1272) ~[tomcat-embed-core-10.1.55.jar:10.1.55]
	at org.apache.tomcat.util.net.NioEndpoint$SocketProcessor.doRun(NioEndpoint.java:1797) ~[tomcat-embed-core-10.1.55.jar:10.1.55]
	at org.apache.tomcat.util.net.SocketProcessorBase.run(SocketProcessorBase.java:52) ~[tomcat-embed-core-10.1.55.jar:10.1.55]
	at org.apache.tomcat.util.threads.ThreadPoolExecutor.runWorker(ThreadPoolExecutor.java:973) ~[tomcat-embed-core-10.1.55.jar:10.1.55]
	at org.apache.tomcat.util.threads.ThreadPoolExecutor$Worker.run(ThreadPoolExecutor.java:491) ~[tomcat-embed-core-10.1.55.jar:10.1.55]
	at org.apache.tomcat.util.threads.TaskThread$WrappingRunnable.run(TaskThread.java:63) ~[tomcat-embed-core-10.1.55.jar:10.1.55]
	at java.base/java.lang.Thread.run(Thread.java:1583) ~[na:na]

2026-09-06T18:03:45.394+05:30  INFO 45872 --- [payment-service] [org.springframework.kafka.KafkaListenerEndpointContainer#0-0-C-1] o.a.k.c.c.internals.ConsumerCoordinator  : [Consumer clientId=consumer-payment-service-1, groupId=payment-service] Successfully joined group with generation Generation{generationId=7, memberId='consumer-payment-service-1-4db06be6-217e-4df7-b2dc-827310a0c291', protocol='range'}
2026-09-06T18:03:45.399+05:30  INFO 45872 --- [payment-service] [org.springframework.kafka.KafkaListenerEndpointContainer#0-0-C-1] o.a.k.c.c.internals.ConsumerCoordinator  : [Consumer clientId=consumer-payment-service-1, groupId=payment-service] Finished assignment for group at generation 7: {consumer-payment-service-1-4db06be6-217e-4df7-b2dc-827310a0c291=Assignment(partitions=[inventory.reserved.v1-0])}
2026-09-06T18:03:45.405+05:30  INFO 45872 --- [payment-service] [org.springframework.kafka.KafkaListenerEndpointContainer#0-0-C-1] o.a.k.c.c.internals.ConsumerCoordinator  : [Consumer clientId=consumer-payment-service-1, groupId=payment-service] Successfully synced group in generation Generation{generationId=7, memberId='consumer-payment-service-1-4db06be6-217e-4df7-b2dc-827310a0c291', protocol='range'}
2026-09-06T18:03:45.407+05:30  INFO 45872 --- [payment-service] [org.springframework.kafka.KafkaListenerEndpointContainer#0-0-C-1] o.a.k.c.c.internals.ConsumerCoordinator  : [Consumer clientId=consumer-payment-service-1, groupId=payment-service] Notifying assignor about the new Assignment(partitions=[inventory.reserved.v1-0])
2026-09-06T18:03:45.412+05:30  INFO 45872 --- [payment-service] [org.springframework.kafka.KafkaListenerEndpointContainer#0-0-C-1] k.c.c.i.ConsumerRebalanceListenerInvoker : [Consumer clientId=consumer-payment-service-1, groupId=payment-service] Adding newly assigned partitions: inventory.reserved.v1-0
2026-09-06T18:03:45.425+05:30  INFO 45872 --- [payment-service] [org.springframework.kafka.KafkaListenerEndpointContainer#0-0-C-1] o.a.k.c.c.internals.ConsumerUtils        : Setting offset for partition inventory.reserved.v1-0 to the committed offset FetchPosition{offset=7, offsetEpoch=Optional.empty, currentLeader=LeaderAndEpoch{leader=Optional[localhost:9092 (id: 1 rack: null)], epoch=0}}
2026-09-06T18:03:45.428+05:30  INFO 45872 --- [payment-service] [org.springframework.kafka.KafkaListenerEndpointContainer#0-0-C-1] o.s.k.l.KafkaMessageListenerContainer    : payment-service: partitions assigned: [inventory.reserved.v1-0]
2026-09-06T18:03:46.318+05:30  INFO 45872 --- [payment-service] [org.springframework.kafka.KafkaListenerEndpointContainer#0-0-C-1] c.r.c.p.messaging.PaymentProcessor       : payment.awaiting_razorpay_checkout orderId=5b83549e-7a88-486c-8e7d-0dbabac0980e
2026-09-06T18:05:33.085+05:30  INFO 45872 --- [payment-service] [http-nio-8085-exec-2] o.a.k.clients.producer.ProducerConfig    : ProducerConfig values: 
	acks = -1
	auto.include.jmx.reporter = true
	batch.size = 16384
	bootstrap.servers = [localhost:9092]
	buffer.memory = 33554432
	client.dns.lookup = use_all_dns_ips
	client.id = payment-service-producer-1
	compression.gzip.level = -1
	compression.lz4.level = 9
	compression.type = none
	compression.zstd.level = 3
	connections.max.idle.ms = 540000
	delivery.timeout.ms = 120000
	enable.idempotence = true
	enable.metrics.push = true
	interceptor.classes = []
	key.serializer = class org.apache.kafka.common.serialization.StringSerializer
	linger.ms = 0
	max.block.ms = 60000
	max.in.flight.requests.per.connection = 5
	max.request.size = 1048576
	metadata.max.age.ms = 300000
	metadata.max.idle.ms = 300000
	metadata.recovery.strategy = none
	metric.reporters = []
	metrics.num.samples = 2
	metrics.recording.level = INFO
	metrics.sample.window.ms = 30000
	partitioner.adaptive.partitioning.enable = true
	partitioner.availability.timeout.ms = 0
	partitioner.class = null
	partitioner.ignore.keys = false
	receive.buffer.bytes = 32768
	reconnect.backoff.max.ms = 1000
	reconnect.backoff.ms = 50
	request.timeout.ms = 30000
	retries = 2147483647
	retry.backoff.max.ms = 1000
	retry.backoff.ms = 100
	sasl.client.callback.handler.class = null
	sasl.jaas.config = null
	sasl.kerberos.kinit.cmd = /usr/bin/kinit
	sasl.kerberos.min.time.before.relogin = 60000
	sasl.kerberos.service.name = null
	sasl.kerberos.ticket.renew.jitter = 0.05
	sasl.kerberos.ticket.renew.window.factor = 0.8
	sasl.login.callback.handler.class = null
	sasl.login.class = null
	sasl.login.connect.timeout.ms = null
	sasl.login.read.timeout.ms = null
	sasl.login.refresh.buffer.seconds = 300
	sasl.login.refresh.min.period.seconds = 60
	sasl.login.refresh.window.factor = 0.8
	sasl.login.refresh.window.jitter = 0.05
	sasl.login.retry.backoff.max.ms = 10000
	sasl.login.retry.backoff.ms = 100
	sasl.mechanism = GSSAPI
	sasl.oauthbearer.clock.skew.seconds = 30
	sasl.oauthbearer.expected.audience = null
	sasl.oauthbearer.expected.issuer = null
	sasl.oauthbearer.header.urlencode = false
	sasl.oauthbearer.jwks.endpoint.refresh.ms = 3600000
	sasl.oauthbearer.jwks.endpoint.retry.backoff.max.ms = 10000
	sasl.oauthbearer.jwks.endpoint.retry.backoff.ms = 100
	sasl.oauthbearer.jwks.endpoint.url = null
	sasl.oauthbearer.scope.claim.name = scope
	sasl.oauthbearer.sub.claim.name = sub
	sasl.oauthbearer.token.endpoint.url = null
	security.protocol = PLAINTEXT
	security.providers = null
	send.buffer.bytes = 131072
	socket.connection.setup.timeout.max.ms = 30000
	socket.connection.setup.timeout.ms = 10000
	ssl.cipher.suites = null
	ssl.enabled.protocols = [TLSv1.2, TLSv1.3]
	ssl.endpoint.identification.algorithm = https
	ssl.engine.factory.class = null
	ssl.key.password = null
	ssl.keymanager.algorithm = SunX509
	ssl.keystore.certificate.chain = null
	ssl.keystore.key = null
	ssl.keystore.location = null
	ssl.keystore.password = null
	ssl.keystore.type = JKS
	ssl.protocol = TLSv1.3
	ssl.provider = null
	ssl.secure.random.implementation = null
	ssl.trustmanager.algorithm = PKIX
	ssl.truststore.certificates = null
	ssl.truststore.location = null
	ssl.truststore.password = null
	ssl.truststore.type = JKS
	transaction.timeout.ms = 60000
	transactional.id = null
	value.serializer = class org.springframework.kafka.support.serializer.JsonSerializer

2026-09-06T18:05:33.087+05:30  INFO 45872 --- [payment-service] [http-nio-8085-exec-2] o.a.k.c.t.i.KafkaMetricsCollector        : initializing Kafka metrics collector
2026-09-06T18:05:33.100+05:30  INFO 45872 --- [payment-service] [http-nio-8085-exec-2] o.a.k.clients.producer.KafkaProducer     : [Producer clientId=payment-service-producer-1] Instantiated an idempotent producer.
2026-09-06T18:05:33.123+05:30  INFO 45872 --- [payment-service] [http-nio-8085-exec-2] o.a.kafka.common.utils.AppInfoParser     : Kafka version: 3.9.2
2026-09-06T18:05:33.124+05:30  INFO 45872 --- [payment-service] [http-nio-8085-exec-2] o.a.kafka.common.utils.AppInfoParser     : Kafka commitId: 5e9866f43ab8e7e4
2026-09-06T18:05:33.124+05:30  INFO 45872 --- [payment-service] [http-nio-8085-exec-2] o.a.kafka.common.utils.AppInfoParser     : Kafka startTimeMs: 1788698133123
2026-09-06T18:05:33.133+05:30  INFO 45872 --- [payment-service] [kafka-producer-network-thread | payment-service-producer-1] org.apache.kafka.clients.Metadata        : [Producer clientId=payment-service-producer-1] Cluster ID: 5L6g3nShT-eMCtK--X86sw
2026-09-06T18:05:33.135+05:30  INFO 45872 --- [payment-service] [kafka-producer-network-thread | payment-service-producer-1] o.a.k.c.p.internals.TransactionManager   : [Producer clientId=payment-service-producer-1] ProducerId set to 12 with epoch 0
2026-09-06T19:05:18.752+05:30  WARN 45872 --- [payment-service] [HikariPool-1:housekeeper] com.zaxxer.hikari.pool.PoolBase          : HikariPool-1 - Failed to validate connection org.postgresql.jdbc.PgConnection@73d2abde (This connection has been closed.). Possibly consider using a shorter maxLifetime value.
2026-09-06T19:05:18.754+05:30  WARN 45872 --- [payment-service] [HikariPool-1:housekeeper] com.zaxxer.hikari.pool.HikariPool        : HikariPool-1 - Thread starvation or clock leap detected (housekeeper delta=55m40s909ms758µs500ns).
2026-09-06T19:05:18.769+05:30  INFO 45872 --- [payment-service] [kafka-coordinator-heartbeat-thread | payment-service] o.a.k.c.c.internals.ConsumerCoordinator  : [Consumer clientId=consumer-payment-service-1, groupId=payment-service] Group coordinator localhost:9092 (id: 2147483646 rack: null) is unavailable or invalid due to cause: coordinator unavailable. isDisconnected: true. Rediscovery will be attempted.
2026-09-06T19:05:18.772+05:30  INFO 45872 --- [payment-service] [org.springframework.kafka.KafkaListenerEndpointContainer#0-0-C-1] o.a.k.c.c.internals.ConsumerCoordinator  : [Consumer clientId=consumer-payment-service-1, groupId=payment-service] Discovered group coordinator localhost:9092 (id: 2147483646 rack: null)
2026-09-06T19:05:18.772+05:30  INFO 45872 --- [payment-service] [org.springframework.kafka.KafkaListenerEndpointContainer#0-0-C-1] o.a.k.c.c.internals.ConsumerCoordinator  : [Consumer clientId=consumer-payment-service-1, groupId=payment-service] Group coordinator localhost:9092 (id: 2147483646 rack: null) is unavailable or invalid due to cause: coordinator unavailable. isDisconnected: false. Rediscovery will be attempted.
2026-09-06T19:05:18.772+05:30  INFO 45872 --- [payment-service] [org.springframework.kafka.KafkaListenerEndpointContainer#0-0-C-1] o.a.k.c.c.internals.ConsumerCoordinator  : [Consumer clientId=consumer-payment-service-1, groupId=payment-service] Requesting disconnect from last known coordinator localhost:9092 (id: 2147483646 rack: null)
2026-09-06T19:05:18.885+05:30  INFO 45872 --- [payment-service] [org.springframework.kafka.KafkaListenerEndpointContainer#0-0-C-1] o.a.k.c.c.internals.ConsumerCoordinator  : [Consumer clientId=consumer-payment-service-1, groupId=payment-service] Discovered group coordinator localhost:9092 (id: 2147483646 rack: null)
